id,data_inversa,dia_semana,horario,uf,br,km,municipio,causa_acidente,tipo_acidente,classificacao_acidente,fase_dia,sentido_via,condicao_metereologica,tipo_pista,tracado_via,uso_solo,ano,pessoas,mortos,feridos_leves,feridos_graves,ilesos,ignorados,feridos,veiculos
83349361,2015-04-28,Terça,05:40:00,RN,101,69.8,EXTREMOZ,Outras,Capotamento,Com Vítimas Feridas,Pleno dia,Decrescente,Ceu Claro,Simples,Reta,Rural,2015,3,0,1,2,0,0,3,1
83349377,2015-05-03,Domingo,11:10:00,RN,101,83.3,SAO GONCALO DO AMARANTE,Falta de atenção,Colisão traseira,Sem Vítimas,Pleno dia,Crescente,Nublado,Dupla,Reta,Urbano,2015,3,0,0,0,2,1,0,3
83349379,2015-05-03,Domingo,10:20:00,RN,101,82.9,SAO GONCALO DO AMARANTE,Outras,Colisão lateral,Sem Vítimas,Pleno dia,Crescente,Nublado,Dupla,Curva,Urbano,2015,2,0,0,0,2,0,0,2
83349440,2015-05-03,Domingo,16:20:00,RN,101,114.9,SAO JOSE DE MIPIBU,Defeito mecânico em veículo,Capotamento,Com Vítimas Feridas,Pleno dia,Decrescente,Sol,Dupla,Reta,Rural,2015,1,0,1,0,0,0,1,1
83349448,2015-04-19,Domingo,05:20:00,RN,101,26.6,RIO DO FOGO,Ingestão de álcool,Saída de Pista,Sem Vítimas,Amanhecer,Crescente,Ceu Claro,Simples,Reta,Rural,2015,2,0,0,0,2,0,0,2
83349525,2015-05-03,Domingo,16:35:00,RN,304,55.9,MOSSORO,Falta de atenção,Colisão traseira,Sem Vítimas,Pleno dia,Decrescente,Nublado,Simples,Reta,Rural,2015,2,0,0,0,2,0,0,2
83349551,2015-05-03,Domingo,14:00:00,RN,101,84.6,SAO GONCALO DO AMARANTE,Não guardar distância de segurança,Colisão traseira,Sem Vítimas,Pleno dia,Crescente,Ceu Claro,Dupla,Reta,Urbano,2015,2,0,0,0,2,0,0,2
83349553,2015-04-29,Quarta,10:30:00,RN,101,102.1,NATAL,Outras,Colisão traseira,Sem Vítimas,Pleno dia,Decrescente,Ceu Claro,Múltipla,Reta,Urbano,2015,2,0,0,0,2,0,0,2
83349576,2015-05-03,Domingo,18:20:00,RN,101,83.2,NATAL,Não guardar distância de segurança,Colisão traseira,Sem Vítimas,Plena noite,Decrescente,Ceu Claro,Dupla,Reta,Urbano,2015,2,0,0,0,2,0,0,2
83349633,2015-05-03,Domingo,23:30:00,RN,101,80.0,NATAL,Dormindo,Colisão traseira,Sem Vítimas,Plena noite,Decrescente,Ceu Claro,Dupla,Reta,Urbano,2015,2,0,0,0,2,0,0,2
83349689,2015-05-04,Segunda,04:20:00,RN,304,38.8,MOSSORO,Outras,Capotamento,Com Vítimas Feridas,Plena noite,Decrescente,Ceu Claro,Dupla,Reta,Urbano,2015,1,0,0,1,0,0,1,1
83349705,2015-05-04,Segunda,05:50:00,RN,406,170.0,SAO GONCALO DO AMARANTE,Falta de atenção,Colisão Transversal,Com Vítimas Feridas,Amanhecer,Crescente,Chuva,Simples,Reta,Urbano,2015,2,0,0,1,0,1,1,2
83349736,2015-05-04,Segunda,04:20:00,RN,304,278.1,IELMO MARINHO,Animais na Pista,Atropelamento de animal,Sem Vítimas,Amanhecer,Crescente,Nevoeiro/neblina,Simples,Reta,Rural,2015,1,0,0,0,1,0,0,1
83349763,2015-05-04,Segunda,07:00:00,RN,101,171.0,CANGUARETAMA,Outras,Colisão com objeto fixo,Sem Vítimas,Pleno dia,Decrescente,Chuva,Dupla,Reta,Rural,2015,1,0,0,0,1,0,0,1
83349779,2015-05-02,Sábado,18:00:00,RN,304,115.7,ASSU,Não guardar distância de segurança,Colisão traseira,Sem Vítimas,Anoitecer,Decrescente,Ceu Claro,Simples,Reta,Rural,2015,2,0,0,0,2,0,0,2
83349813,2015-05-01,Sexta,01:00:00,RN,427,100.0,CAICO,Ingestão de álcool,Colisão com objeto fixo,Ignorado,Plena noite,Decrescente,Ceu Claro,Simples,Reta,Urbano,2015,1,0,0,0,0,1,0,1
83349851,2015-05-04,Segunda,11:20:00,RN,304,295.5,MACAIBA,Ultrapassagem indevida,Colisão lateral,Sem Vítimas,Pleno dia,Crescente,Chuva,Simples,Reta,Rural,2015,2,0,0,0,1,1,0,2
83349929,2015-04-23,Quinta,05:10:00,RN,304,290.4,MACAIBA,Outras,Capotamento,Com Vítimas Feridas,Amanhecer,Decrescente,Chuva,Simples,Reta,Rural,2015,1,0,1,0,0,0,1,1
83349935,2015-05-04,Segunda,09:00:00,RN,304,287.0,MACAIBA,Ultrapassagem indevida,Colisão traseira,Sem Vítimas,Pleno dia,Crescente,Chuva,Simples,Reta,Rural,2015,2,0,0,0,2,0,0,2
83349939,2015-05-04,Segunda,11:20:00,RN,101,101.9,PARNAMIRIM,Desobediência à sinalização,Colisão Transversal,Sem Vítimas,Pleno dia,Crescente,Nublado,Múltipla,Cruzamento,Urbano,2015,2,0,0,0,2,0,0,2
83349955,2015-05-04,Segunda,10:45:00,RN,101,94.6,NATAL,Outras,Colisão lateral,Sem Vítimas,Pleno dia,Decrescente,Chuva,Dupla,Reta,Urbano,2015,2,0,0,0,2,0,0,2
83349981,2015-05-03,Domingo,19:20:00,RN,101,83.6,NATAL,Outras,Colisão Transversal,Com Vítimas Feridas,Plena noite,Decrescente,Ceu Claro,Dupla,Reta,Urbano,2015,3,0,2,0,0,1,2,2
83349984,2015-03-25,Quarta,17:30:00,RN,304,230.0,RIACHUELO,Ultrapassagem indevida,Tombamento,Sem Vítimas,Anoitecer,Decrescente,Ceu Claro,Simples,Curva,Urbano,2015,1,0,0,0,1,0,0,1
83350009,2015-05-04,Segunda,18:30:00,RN,101,98.8,NATAL,Não guardar distância de segurança,Colisão traseira,Sem Vítimas,Plena noite,Decrescente,Ceu Claro,Dupla,Reta,Urbano,2015,2,0,0,0,2,0,0,2
83350037,2015-05-04,Segunda,19:50:00,RN,101,84.3,NATAL,Falta de atenção,Colisão lateral,Sem Vítimas,Plena noite,Decrescente,Ceu Claro,Dupla,Reta,Urbano,2015,2,0,0,0,2,0,0,2
83350046,2015-05-04,Segunda,17:30:00,RN,101,86.0,NATAL,Não guardar distância de segurança,Colisão traseira,Sem Vítimas,Anoitecer,Crescente,Nublado,Dupla,Reta,Urbano,2015,3,0,0,0,3,0,0,3
83350124,2015-05-04,Segunda,18:00:00,RN,101,96.0,NATAL,Falta de atenção,Colisão traseira,Com Vítimas Feridas,Plena noite,Crescente,Ceu Claro,Dupla,Reta,Urbano,2015,2,0,1,0,1,0,1,2
83350198,2015-05-05,Terça,08:20:00,RN,110,47.8,MOSSORO,Falta de atenção,Colisão Transversal,Sem Vítimas,Pleno dia,Decrescente,Sol,Simples,Reta,Urbano,2015,2,0,0,0,2,0,0,2
83350308,2015-05-05,Terça,12:45:00,RN,304,47.9,MOSSORO,Falta de atenção,Colisão traseira,Sem Vítimas,Pleno dia,Decrescente,Ceu Claro,Simples,Curva,Urbano,2015,2,0,0,0,2,0,0,2
83350455,2015-05-05,Terça,09:45:00,RN,101,101.8,PARNAMIRIM,Outras,Colisão traseira,Com Vítimas Feridas,Pleno dia,Decrescente,Ceu Claro,Dupla,Reta,Urbano,2015,2,0,1,0,1,0,1,2
83350458,2015-05-02,Sábado,17:00:00,RN,226,69.9,SERRA CAIADA,Ingestão de álcool,Colisão Transversal,Com Vítimas Feridas,Anoitecer,Decrescente,Ceu Claro,Simples,Reta,Urbano,2015,2,0,0,1,1,0,1,2
83350567,2015-05-05,Terça,15:30:00,RN,101,83.0,NATAL,Outras,Colisão lateral,Com Vítimas Feridas,Pleno dia,Crescente,Ceu Claro,Dupla,Reta,Urbano,2015,2,0,1,0,1,0,1,2
83350685,2015-05-01,Sexta,23:10:00,RN,101,83.0,NATAL,Falta de atenção,Colisão traseira,Com Vítimas Feridas,Plena noite,Crescente,Ceu Claro,Dupla,Reta,Urbano,2015,5,0,1,1,3,0,2,2
83350716,2015-05-02,Sábado,20:00:00,RN,304,32.6,MOSSORO,Defeito mecânico em veículo,Colisão com objeto móvel,Sem Vítimas,Plena noite,Decrescente,Ceu Claro,Dupla,Reta,Urbano,2015,4,0,0,0,4,0,0,2
83350734,2015-05-06,Quarta,08:42:00,RN,226,2.0,NATAL,Defeito mecânico em veículo,Colisão traseira,Sem Vítimas,Pleno dia,Crescente,Ceu Claro,Dupla,Reta,Urbano,2015,4,0,0,0,4,0,0,3
83350824,2015-05-02,Sábado,21:40:00,RN,101,123.0,SAO JOSE DE MIPIBU,Não guardar distância de segurança,Colisão traseira,Sem Vítimas,Plena noite,Decrescente,Ceu Claro,Dupla,Reta,Urbano,2015,2,0,0,0,2,0,0,2
83350826,2015-05-06,Quarta,07:40:00,RN,101,105.6,PARNAMIRIM,Ultrapassagem indevida,Colisão traseira,Com Vítimas Feridas,Pleno dia,Decrescente,Sol,Dupla,Reta,Urbano,2015,3,0,1,0,1,1,1,3
83350876,2015-05-06,Quarta,14:05:00,RN,101,97.6,NATAL,Falta de atenção,Colisão Transversal,Sem Vítimas,Pleno dia,Decrescente,Ceu Claro,Dupla,Cruzamento,Urbano,2015,2,0,0,0,2,0,0,2
83350886,2015-05-06,Quarta,18:03:00,RN,101,96.1,NATAL,Falta de atenção,Colisão lateral,Sem Vítimas,Plena noite,Crescente,Ceu Claro,Dupla,Reta,Urbano,2015,2,0,0,0,2,0,0,2
83350935,2015-05-06,Quarta,12:15:00,RN,101,96.4,NATAL,Falta de atenção,Colisão Transversal,Sem Vítimas,Pleno dia,Decrescente,Ceu Claro,Múltipla,Cruzamento,Urbano,2015,2,0,0,0,2,0,0,2
83350988,2015-05-06,Quarta,19:10:00,RN,110,47.5,MOSSORO,Não guardar distância de segurança,Colisão lateral,Com Vítimas Feridas,Plena noite,Decrescente,Ceu Claro,Simples,Reta,Urbano,2015,3,0,1,0,2,0,1,2
83351049,2015-05-06,Quarta,18:35:00,RN,110,50.0,MOSSORO,Outras,Atropelamento de pessoa,Com Vítimas Feridas,Plena noite,Decrescente,Ceu Claro,Simples,Reta,Urbano,2015,2,0,0,1,0,1,1,1
83351054,2015-05-06,Quarta,20:15:00,RN,304,98.2,ASSU,Animais na Pista,Atropelamento de animal,Sem Vítimas,Plena noite,Decrescente,Ceu Claro,Simples,Reta,Rural,2015,1,0,0,0,1,0,0,1
83351076,2015-04-29,Quarta,19:10:00,RN,101,105.6,PARNAMIRIM,Outras,Atropelamento de pessoa,Com Vítimas Feridas,Plena noite,Crescente,Ceu Claro,Dupla,Reta,Urbano,2015,2,0,0,1,0,1,1,1
83351245,2015-05-07,Quinta,12:10:00,RN,101,107.7,PARNAMIRIM,Falta de atenção,Colisão lateral,Sem Vítimas,Pleno dia,Crescente,Ceu Claro,Dupla,Cruzamento,Urbano,2015,2,0,0,0,2,0,0,2
83351320,2015-01-30,Sexta,19:50:00,RN,101,105.1,PARNAMIRIM,Outras,Colisão Transversal,Com Vítimas Fatais,Plena noite,Crescente,Ceu Claro,Dupla,Reta,Urbano,2015,3,1,1,0,0,1,1,2
83351328,2015-05-07,Quinta,16:10:00,RN,101,99.0,NATAL,Falta de atenção,Colisão traseira,Com Vítimas Feridas,Pleno dia,Decrescente,Sol,Dupla,Reta,Urbano,2015,2,0,1,0,1,0,1,2
83351335,2015-05-07,Quinta,12:15:00,RN,101,107.7,PARNAMIRIM,Desobediência à sinalização,Colisão frontal,Com Vítimas Feridas,Pleno dia,Decrescente,Ceu Claro,Dupla,Cruzamento,Urbano,2015,2,0,1,0,0,1,1,2
83351339,2015-05-07,Quinta,17:30:00,RN,304,33.8,MOSSORO,Velocidade incompatível,Colisão com bicicleta,Com Vítimas Feridas,Plena noite,Crescente,Ceu Claro,Dupla,Reta,Urbano,2015,2,0,0,1,0,1,1,2
83351340,2015-05-07,Quinta,08:25:00,RN,101,99.8,NATAL,Falta de atenção,Colisão lateral,Sem Vítimas,Pleno dia,Decrescente,Ceu Claro,Dupla,Reta,Urbano,2015,2,0,0,0,2,0,0,2
83351503,2015-05-05,Terça,06:20:00,RN,101,99.7,NATAL,Falta de atenção,Colisão lateral,Sem Vítimas,Pleno dia,Decrescente,Sol,Múltipla,Reta,Urbano,2015,2,0,0,0,2,0,0,2
83351538,2015-05-02,Sábado,23:00:00,RN,304,24.3,MOSSORO,Ingestão de álcool,Saída de Pista,Sem Vítimas,Plena noite,Crescente,Ignorada,Dupla,Curva,Rural,2015,1,0,0,0,1,0,0,1
83351590,2015-05-08,Sexta,09:05:00,RN,110,48.5,MOSSORO,Falta de atenção,Colisão traseira,Sem Vítimas,Pleno dia,Crescente,Ceu Claro,Dupla,Cruzamento,Urbano,2015,3,0,0,0,2,1,0,3
83351627,2015-05-08,Sexta,12:40:00,RN,110,48.5,MOSSORO,Falta de atenção,Colisão traseira,Com Vítimas Feridas,Pleno dia,Crescente,Ceu Claro,Dupla,Reta,Urbano,2015,2,0,1,0,0,1,1,2
83351651,2015-05-04,Segunda,12:00:00,RN,304,296.0,MACAIBA,Não guardar distância de segurança,Colisão traseira,Sem Vítimas,Pleno dia,Decrescente,Nublado,Simples,Reta,Urbano,2015,4,0,0,0,4,0,0,4
83351668,2015-05-08,Sexta,14:00:00,RN,101,96.0,NATAL,Falta de atenção,Colisão Transversal,Sem Vítimas,Pleno dia,Decrescente,Ceu Claro,Simples,Reta,Urbano,2015,2,0,0,0,2,0,0,2
83351677,2015-05-08,Sexta,13:00:00,RN,101,83.0,SAO GONCALO DO AMARANTE,Falta de atenção,Colisão lateral,Sem Vítimas,Pleno dia,Crescente,Ceu Claro,Múltipla,Reta,Urbano,2015,2,0,0,0,2,0,0,2
83351683,2015-05-06,Quarta,16:20:00,RN,101,95.0,NATAL,Falta de atenção,Colisão traseira,Sem Vítimas,Pleno dia,Crescente,Ceu Claro,Múltipla,Cruzamento,Urbano,2015,2,0,0,0,2,0,0,2
83351699,2015-05-08,Sexta,12:40:00,RN,101,97.6,NATAL,Não guardar distância de segurança,Colisão traseira,Sem Vítimas,Pleno dia,Crescente,Ceu Claro,Múltipla,Reta,Urbano,2015,3,0,0,0,3,0,0,3
83351720,2015-05-08,Sexta,17:10:00,RN,101,96.6,NATAL,Falta de atenção,Colisão traseira,Sem Vítimas,Plena noite,Crescente,Ceu Claro,Dupla,Curva,Urbano,2015,2,0,0,0,2,0,0,2
83351777,2015-05-08,Sexta,18:40:00,RN,101,97.0,NATAL,Não guardar distância de segurança,Colisão traseira,Sem Vítimas,Plena noite,Crescente,Ceu Claro,Múltipla,Reta,Urbano,2015,2,0,0,0,2,0,0,2
83351778,2015-05-08,Sexta,11:45:00,RN,226,104.1,SANTA CRUZ,Ultrapassagem indevida,Colisão lateral,Sem Vítimas,Pleno dia,Decrescente,Sol,Simples,Reta,Rural,2015,2,0,0,0,2,0,0,2
83351790,2015-05-08,Sexta,17:00:00,RN,110,88.3,UPANEMA,Outras,Capotamento,Com Vítimas Feridas,Pleno dia,Decrescente,Chuva,Simples,Reta,Rural,2015,2,0,1,1,0,0,2,1
83352007,2015-05-09,Sábado,07:20:00,RN,304,40.5,MOSSORO,Outras,Colisão traseira,Com Vítimas Feridas,Pleno dia,Decrescente,Sol,Dupla,Reta,Urbano,2015,2,0,0,1,1,0,1,2
83352009,2015-05-08,Sexta,04:15:00,RN,427,100.6,CAICO,Dormindo,Saída de Pista,Sem Vítimas,Amanhecer,Crescente,Ceu Claro,Simples,Reta,Urbano,2015,1,0,0,0,1,0,0,1
83352036,2015-05-09,Sábado,10:10:00,RN,304,71.9,MOSSORO,Outras,Capotamento,Com Vítimas Feridas,Pleno dia,Decrescente,Sol,Simples,Reta,Urbano,2015,2,0,2,0,0,0,2,1
83352064,2015-05-08,Sexta,06:00:00,RN,406,101.5,TAIPU,Animais na Pista,Atropelamento de animal,Com Vítimas Feridas,Amanhecer,Crescente,Ceu Claro,Simples,Reta,Rural,2015,1,0,0,1,0,0,1,1
83352068,2015-05-05,Terça,20:05:00,RN,304,298.0,MACAIBA,Desobediência à sinalização,Colisão Transversal,Sem Vítimas,Plena noite,Decrescente,Ceu Claro,Dupla,Cruzamento,Rural,2015,2,0,0,0,2,0,0,2
83352137,2015-05-09,Sábado,14:30:00,RN,110,51.6,MOSSORO,Outras,Colisão Transversal,Com Vítimas Feridas,Pleno dia,Decrescente,Sol,Simples,Reta,Urbano,2015,2,0,0,1,1,0,1,2
83352190,2015-02-14,Sábado,22:00:00,RN,226,315.0,JANDUIS,Outras,Saída de Pista,Com Vítimas Feridas,Plena noite,Decrescente,Ceu Claro,Simples,Curva,Rural,2015,1,0,0,1,0,0,1,1
83352338,2015-05-09,Sábado,15:40:00,RN,406,160.9,CEARA-MIRIM,Outras,Colisão traseira,Sem Vítimas,Pleno dia,Decrescente,Ceu Claro,Simples,Reta,Urbano,2015,3,0,0,0,3,0,0,3
83352346,2015-05-09,Sábado,18:50:00,RN,304,89.1,ASSU,Outras,Colisão Transversal,Com Vítimas Feridas,Plena noite,Decrescente,Ceu Claro,Simples,Reta,Urbano,2015,3,0,0,1,1,1,1,3
83352431,2015-05-06,Quarta,21:15:00,RN,406,161.2,CEARA-MIRIM,Ingestão de álcool,Atropelamento de pessoa,Com Vítimas Feridas,Plena noite,Crescente,Ceu Claro,Simples,Reta,Rural,2015,2,0,1,0,1,0,1,1
83352661,2015-05-02,Sábado,16:30:00,RN,406,167.5,SAO GONCALO DO AMARANTE,Falta de atenção,Colisão Transversal,Com Vítimas Feridas,Plena noite,Decrescente,Ceu Claro,Simples,Cruzamento,Urbano,2015,2,0,0,1,1,0,1,2
83352664,2015-05-10,Domingo,17:00:00,RN,101,107.7,PARNAMIRIM,Não guardar distância de segurança,Colisão traseira,Sem Vítimas,Anoitecer,Decrescente,Ceu Claro,Dupla,Cruzamento,Urbano,2015,3,0,0,0,3,0,0,3
83352667,2015-05-10,Domingo,13:55:00,RN,304,281.0,MACAIBA,Outras,Atropelamento de pessoa,Com Vítimas Feridas,Pleno dia,Crescente,Ceu Claro,Simples,Reta,Rural,2015,2,0,0,2,0,0,2,1
83352861,2015-05-11,Segunda,04:15:00,RN,304,201.7,LAJES,Animais na Pista,Atropelamento de animal,Com Vítimas Feridas,Plena noite,Decrescente,Ceu Claro,Simples,Reta,Rural,2015,1,0,0,1,0,0,1,1
83352943,2015-05-11,Segunda,07:55:00,RN,101,79.6,NATAL,Falta de atenção,Colisão Transversal,Com Vítimas Feridas,Pleno dia,Decrescente,Ceu Claro,Dupla,Cruzamento,Urbano,2015,2,0,0,1,1,0,1,2
83353036,2015-05-11,Segunda,08:20:00,RN,101,99.5,NATAL,Falta de atenção,Colisão traseira,Sem Vítimas,Pleno dia,Decrescente,Ceu Claro,Dupla,Reta,Urbano,2015,2,0,0,0,2,0,0,2
83353047,2015-05-11,Segunda,11:00:00,RN,110,47.1,MOSSORO,Outras,Colisão com bicicleta,Sem Vítimas,Pleno dia,Crescente,Ceu Claro,Simples,Reta,Urbano,2015,2,0,0,0,1,1,0,2
83353070,2015-05-11,Segunda,14:45:00,RN,304,24.0,MOSSORO,Falta de atenção,Colisão com objeto fixo,Sem Vítimas,Pleno dia,Crescente,Ceu Claro,Dupla,Cruzamento,Rural,2015,1,0,0,0,1,0,0,1
83353157,2015-05-11,Segunda,04:45:00,RN,226,60.9,SENADOR ELOI DE SOUZA,Outras,Colisão Transversal,Com Vítimas Feridas,Amanhecer,Crescente,Ceu Claro,Simples,Reta,Urbano,2015,2,0,0,1,1,0,1,2
83353325,2015-05-11,Segunda,23:40:00,RN,304,26.4,MOSSORO,Animais na Pista,Atropelamento de animal,Com Vítimas Feridas,Plena noite,Crescente,Ceu Claro,Simples,Reta,Rural,2015,1,0,1,0,0,0,1,1
83353339,2015-05-11,Segunda,07:50:00,RN,304,29.9,MOSSORO,Outras,Saída de Pista,Com Vítimas Feridas,Pleno dia,Decrescente,Ceu Claro,Simples,Reta,Urbano,2015,1,0,1,0,0,0,1,1
83353432,2015-05-12,Terça,03:30:00,RN,304,294.1,MACAIBA,Ultrapassagem indevida,Colisão frontal,Com Vítimas Feridas,Plena noite,Decrescente,Ceu Claro,Simples,Reta,Rural,2015,3,0,2,0,0,1,2,2
83353455,2015-05-12,Terça,09:05:00,RN,101,101.8,PARNAMIRIM,Outras,Colisão lateral,Sem Vítimas,Pleno dia,Crescente,Ceu Claro,Dupla,Curva,Urbano,2015,2,0,0,0,2,0,0,2
83353578,2015-05-12,Terça,11:00:00,RN,101,168.0,CANGUARETAMA,Defeito mecânico em veículo,Saída de Pista,Sem Vítimas,Pleno dia,Decrescente,Ceu Claro,Dupla,Reta,Rural,2015,1,0,0,0,1,0,0,1
83353579,2015-05-12,Terça,12:20:00,RN,101,101.8,PARNAMIRIM,Falta de atenção,Colisão Transversal,Com Vítimas Feridas,Pleno dia,Crescente,Ceu Claro,Múltipla,Cruzamento,Urbano,2015,2,0,1,0,1,0,1,2
83353624,2015-05-12,Terça,06:40:00,RN,304,180.2,PEDRO AVELINO,Falta de atenção,Colisão lateral,Sem Vítimas,Pleno dia,Decrescente,Ceu Claro,Simples,Reta,Rural,2015,2,0,0,0,2,0,0,2
83353737,2015-05-12,Terça,17:00:00,RN,304,37.1,MOSSORO,Outras,Colisão Transversal,Com Vítimas Feridas,Plena noite,Crescente,Ceu Claro,Dupla,Cruzamento,Urbano,2015,2,0,0,1,1,0,1,2
83353757,2015-05-12,Terça,18:30:00,RN,304,44.8,MOSSORO,Falta de atenção,Colisão Transversal,Sem Vítimas,Plena noite,Decrescente,Ceu Claro,Dupla,Reta,Rural,2015,3,0,0,0,3,0,0,3
83353804,2015-05-05,Terça,20:00:00,RN,406,154.4,CEARA-MIRIM,Falta de atenção,Colisão traseira,Sem Vítimas,Plena noite,Crescente,Ceu Claro,Simples,Reta,Rural,2015,2,0,0,0,2,0,0,2
83353826,2015-05-09,Sábado,09:56:00,RN,226,68.2,SERRA CAIADA,Ingestão de álcool,Colisão traseira,Sem Vítimas,Plena noite,Crescente,Ceu Claro,Simples,Reta,Rural,2015,2,0,0,0,1,1,0,2
83353863,2015-05-13,Quarta,08:15:00,RN,101,99.6,NATAL,Outras,Colisão traseira,Sem Vítimas,Pleno dia,Decrescente,Ceu Claro,Múltipla,Reta,Urbano,2015,2,0,0,0,2,0,0,2
83353897,2015-05-13,Quarta,07:00:00,RN,101,94.8,NATAL,Falta de atenção,Colisão Transversal,Sem Vítimas,Pleno dia,Crescente,Ceu Claro,Dupla,Reta,Urbano,2015,2,0,0,0,2,0,0,2
83353928,2015-05-13,Quarta,13:14:00,RN,101,80.6,SAO GONCALO DO AMARANTE,Falta de atenção,Colisão traseira,Com Vítimas Feridas,Pleno dia,Crescente,Ceu Claro,Dupla,Cruzamento,Urbano,2015,2,0,1,0,1,0,1,2
83353965,2015-05-13,Quarta,11:40:00,RN,101,103.0,PARNAMIRIM,Não guardar distância de segurança,Colisão traseira,Sem Vítimas,Pleno dia,Crescente,Ceu Claro,Dupla,Reta,Urbano,2015,2,0,0,0,2,0,0,2
83354069,2015-05-13,Quarta,20:00:00,RN,304,300.0,MACAIBA,Defeito mecânico em veículo,Queda de motocicleta / bicicleta / veículo,Com Vítimas Feridas,Plena noite,Crescente,Nublado,Dupla,Reta,Rural,2015,2,0,2,0,0,0,2,1
83354075,2015-05-10,Domingo,16:25:00,RN,304,296.0,MACAIBA,Não guardar distância de segurança,Colisão traseira,Sem Vítimas,Pleno dia,Crescente,Sol,Dupla,Reta,Urbano,2015,2,0,0,0,2,0,0,2
83354200,2015-05-11,Segunda,03:00:00,RN,406,150.0,CEARA-MIRIM,Ingestão de álcool,Colisão frontal,Sem Vítimas,Plena noite,Decrescente,Ceu Claro,Simples,Reta,Rural,2015,2,0,0,0,2,0,0,2
83354233,2015-05-07,Quinta,21:30:00,RN,405,189.0,MAJOR SALES,Ingestão de álcool,Colisão Transversal,Com Vítimas Feridas,Plena noite,Crescente,Ceu Claro,Simples,Reta,Urbano,2015,2,0,0,1,1,0,1,2
83354264,2015-05-11,Segunda,00:01:00,RN,406,100.1,JOAO CAMARA,Falta de atenção,Colisão traseira,Ignorado,Plena noite,Decrescente,Ceu Claro,Simples,Reta,Rural,2015,2,0,0,0,0,2,0,2
83354443,2015-05-13,Quarta,19:30:00,RN,427,145.3,SERRA NEGRA DO NORTE,Outras,Capotamento,Com Vítimas Feridas,Plena noite,Decrescente,Ceu Claro,Simples,Reta,Urbano,2015,1,0,0,1,0,0,1,1
83354485,2015-05-14,Quinta,18:05:00,RN,101,106.7,PARNAMIRIM,Não guardar distância de segurança,Colisão traseira,Sem Vítimas,Plena noite,Crescente,Chuva,Dupla,Reta,Urbano,2015,2,0,0,0,2,0,0,2
83354553,2015-01-17,Sábado,07:50:00,RN,406,168.3,SAO GONCALO DO AMARANTE,Falta de atenção,Colisão Transversal,Com Vítimas Feridas,Pleno dia,Crescente,Ceu Claro,Simples,Reta,Urbano,2015,2,0,1,0,1,0,1,2
83354611,2015-05-11,Segunda,01:00:00,RN,405,84.5,APODI,Ingestão de álcool,Colisão com objeto fixo,Com Vítimas Feridas,Plena noite,Crescente,Ignorada,Simples,Reta,Rural,2015,1,0,1,0,0,0,1,1
83354619,2015-05-03,Domingo,02:40:00,RN,304,29.0,MOSSORO,Outras,Queda de motocicleta / bicicleta / veículo,Com Vítimas Feridas,Plena noite,Decrescente,Ignorada,Simples,Reta,Rural,2015,1,0,1,0,0,0,1,1
83354711,2015-05-11,Segunda,12:00:00,RN,101,107.5,PARNAMIRIM,Falta de atenção,Colisão Transversal,Sem Vítimas,Pleno dia,Decrescente,Ceu Claro,Simples,Reta,Urbano,2015,2,0,0,0,2,0,0,2
83354723,2015-05-11,Segunda,17:00:00,RN,101,116.0,SAO JOSE DE MIPIBU,Falta de atenção,Colisão traseira,Sem Vítimas,Anoitecer,Decrescente,Ceu Claro,Dupla,Reta,Urbano,2015,2,0,0,0,2,0,0,2
83354831,2015-05-15,Sexta,11:00:00,RN,101,96.0,NATAL,Não guardar distância de segurança,Colisão traseira,Sem Vítimas,Pleno dia,Decrescente,Ceu Claro,Múltipla,Reta,Urbano,2015,2,0,0,0,2,0,0,2
83354875,2015-05-15,Sexta,12:00:00,RN,101,96.2,NATAL,Outras,Atropelamento de pessoa,Com Vítimas Feridas,Pleno dia,Crescente,Ceu Claro,Dupla,Reta,Urbano,2015,2,0,0,1,1,0,1,1
83354878,2015-05-15,Sexta,15:45:00,RN,101,101.8,PARNAMIRIM,Falta de atenção,Colisão lateral,Sem Vítimas,Pleno dia,Crescente,Ceu Claro,Múltipla,Cruzamento,Urbano,2015,2,0,0,0,2,0,0,2
83354902,2015-05-15,Sexta,14:30:00,RN,101,84.4,NATAL,Falta de atenção,Colisão lateral,Sem Vítimas,Pleno dia,Decrescente,Ceu Claro,Simples,Reta,Urbano,2015,2,0,0,0,2,0,0,2
83355053,2015-05-15,Sexta,19:10:00,RN,101,161.0,GOIANINHA,Falta de atenção,Colisão lateral,Com Vítimas Feridas,Plena noite,Decrescente,Ceu Claro,Dupla,Reta,Urbano,2015,2,0,1,0,1,0,1,2
83355071,2015-05-15,Sexta,14:50:00,RN,304,221.8,CAICARA DO RIO DO VENTO,Defeito mecânico em veículo,Colisão frontal,Com Vítimas Fatais,Pleno dia,Crescente,Ceu Claro,Simples,Reta,Rural,2015,4,2,1,0,1,0,1,2