id,data_inversa,dia_semana,horario,uf,br,km,municipio,causa_acidente,tipo_acidente,classificacao_acidente,fase_dia,sentido_via,condicao_metereologica,tipo_pista,tracado_via,uso_solo,ano,pessoas,mortos,feridos_leves,feridos_graves,ilesos,ignorados,feridos,veiculos
83360562,2015-05-26,Terça,14:57:00,RN,304,78.2,MOSSORO,Outras,Tombamento,Com Vítimas Feridas,Pleno dia,Decrescente,Sol,Simples,Reta,Rural,2015,2,0,1,0,0,1,1,2
83360574,2015-05-29,Sexta,07:30:00,RN,101,95.3,NATAL,Não guardar distância de segurança,Colisão traseira,Sem Vítimas,Pleno dia,Decrescente,Ceu Claro,Dupla,Reta,Urbano,2015,3,0,0,0,3,0,0,3
83360743,2015-05-29,Sexta,06:22:00,RN,101,85.0,SAO GONCALO DO AMARANTE,Não guardar distância de segurança,Colisão lateral,Sem Vítimas,Pleno dia,Crescente,Ceu Claro,Múltipla,Reta,Urbano,2015,2,0,0,0,1,1,0,2
83360746,2015-05-29,Sexta,10:00:00,RN,101,99.1,NATAL,Falta de atenção,Colisão traseira,Com Vítimas Feridas,Pleno dia,Decrescente,Ceu Claro,Múltipla,Reta,Urbano,2015,4,0,0,1,3,0,1,3
83360768,2015-05-29,Sexta,16:50:00,RN,304,301.7,MACAIBA,Desobediência à sinalização,Colisão traseira,Com Vítimas Feridas,Pleno dia,Decrescente,Ceu Claro,Dupla,Reta,Rural,2015,2,0,1,0,1,0,1,2
83360880,2015-05-29,Sexta,18:00:00,RN,101,85.0,NATAL,Falta de atenção,Colisão traseira,Sem Vítimas,Plena noite,Decrescente,Ceu Claro,Dupla,Reta,Urbano,2015,3,0,0,0,3,0,0,3
83360948,2015-05-29,Sexta,19:00:00,RN,101,103.0,PARNAMIRIM,Falta de atenção,Colisão traseira,Sem Vítimas,Plena noite,Crescente,Nublado,Simples,Reta,Urbano,2015,2,0,0,0,2,0,0,2
83360962,2015-05-29,Sexta,19:40:00,RN,101,96.6,NATAL,Não guardar distância de segurança,Colisão lateral,Sem Vítimas,Plena noite,Crescente,Nublado,Dupla,Reta,Urbano,2015,2,0,0,0,2,0,0,2
83361071,2015-05-30,Sábado,10:30:00,RN,304,47.8,MOSSORO,Falta de atenção,Colisão traseira,Sem Vítimas,Pleno dia,Decrescente,Sol,Dupla,Cruzamento,Urbano,2015,2,0,0,0,2,0,0,2
83361105,2015-05-29,Sexta,20:45:00,RN,101,102.5,PARNAMIRIM,Ingestão de álcool,Colisão traseira,Com Vítimas Feridas,Plena noite,Decrescente,Nublado,Dupla,Reta,Urbano,2015,3,0,0,1,2,0,1,3
83361178,2015-05-30,Sábado,12:45:00,RN,101,99.0,NATAL,Falta de atenção,Colisão traseira,Com Vítimas Feridas,Pleno dia,Crescente,Chuva,Múltipla,Reta,Urbano,2015,2,0,1,0,1,0,1,2
83361276,2015-05-30,Sábado,17:05:00,RN,101,94.5,NATAL,Desobediência à sinalização,Colisão lateral,Sem Vítimas,Anoitecer,Crescente,Nublado,Múltipla,Reta,Urbano,2015,2,0,0,0,2,0,0,2
83361290,2015-05-30,Sábado,15:40:00,RN,304,43.8,MOSSORO,Falta de atenção,Saída de Pista,Sem Vítimas,Pleno dia,Decrescente,Sol,Dupla,Reta,Urbano,2015,2,0,0,0,2,0,0,1
83361320,2015-04-20,Segunda,18:00:00,RN,101,84.1,SAO GONCALO DO AMARANTE,Falta de atenção,Colisão lateral,Sem Vítimas,Plena noite,Crescente,Vento,Dupla,Reta,Urbano,2015,2,0,0,0,2,0,0,2
83361336,2015-05-30,Sábado,19:30:00,RN,101,99.0,NATAL,Ingestão de álcool,Colisão traseira,Sem Vítimas,Plena noite,Crescente,Ceu Claro,Dupla,Reta,Urbano,2015,3,0,0,0,3,0,0,2
83361353,2015-05-30,Sábado,14:45:00,RN,101,123.0,SAO JOSE DE MIPIBU,Não guardar distância de segurança,Colisão lateral,Sem Vítimas,Pleno dia,Decrescente,Nublado,Múltipla,Reta,Urbano,2015,2,0,0,0,2,0,0,2
83361404,2015-02-14,Sábado,22:30:00,RN,427,96.6,CAICO,Outras,Colisão frontal,Com Vítimas Feridas,Plena noite,Crescente,Ceu Claro,Simples,Reta,Urbano,2015,8,0,3,1,3,1,4,4
83361406,2015-05-28,Quinta,01:00:00,RN,101,103.0,PARNAMIRIM,Outras,Capotamento,Sem Vítimas,Plena noite,Decrescente,Chuva,Múltipla,Reta,Urbano,2015,1,0,0,0,1,0,0,1
83361409,2015-05-31,Domingo,06:30:00,RN,101,146.9,GOIANINHA,Animais na Pista,Capotamento,Com Vítimas Feridas,Pleno dia,Crescente,Sol,Dupla,Reta,Urbano,2015,1,0,1,0,0,0,1,1
83361444,2015-05-31,Domingo,02:00:00,RN,226,33.4,MACAIBA,Outras,Saída de Pista,Ignorado,Plena noite,Crescente,Ceu Claro,Simples,Curva,Rural,2015,1,0,0,0,0,1,0,1
83361479,2015-05-28,Quinta,13:55:00,RN,405,151.0,PAU DOS FERROS,Ingestão de álcool,Colisão com bicicleta,Com Vítimas Feridas,Pleno dia,Decrescente,Ceu Claro,Simples,Cruzamento,Urbano,2015,2,0,0,1,1,0,1,2
83361639,2015-05-31,Domingo,18:50:00,RN,101,110.7,PARNAMIRIM,Animais na Pista,Capotamento,Com Vítimas Feridas,Plena noite,Crescente,Ceu Claro,Dupla,Reta,Rural,2015,1,0,1,0,0,0,1,1
83361690,2015-05-31,Domingo,20:30:00,RN,226,111.3,SANTA CRUZ,Falta de atenção,Colisão frontal,Com Vítimas Feridas,Plena noite,Decrescente,Ceu Claro,Simples,Reta,Urbano,2015,3,0,2,1,0,0,3,2
83361691,2015-05-31,Domingo,19:25:00,RN,304,42.2,MOSSORO,Ingestão de álcool,Queda de motocicleta / bicicleta / veículo,Com Vítimas Feridas,Plena noite,Decrescente,Ceu Claro,Dupla,Reta,Urbano,2015,1,0,1,0,0,0,1,1
83361754,2015-05-31,Domingo,23:30:00,RN,406,102.0,JOAO CAMARA,Ingestão de álcool,Colisão Transversal,Com Vítimas Feridas,Plena noite,Crescente,Ceu Claro,Simples,Reta,Urbano,2015,2,0,0,1,1,0,1,2
83361825,2015-05-07,Quinta,04:10:00,RN,101,80.6,SAO GONCALO DO AMARANTE,Não guardar distância de segurança,Colisão traseira,Com Vítimas Feridas,Amanhecer,Crescente,Nublado,Dupla,Cruzamento,Urbano,2015,2,0,1,1,0,0,2,2
83361846,2015-06-01,Segunda,07:50:00,RN,101,94.0,NATAL,Não guardar distância de segurança,Colisão traseira,Com Vítimas Feridas,Pleno dia,Decrescente,Nublado,Dupla,Reta,Urbano,2015,2,0,1,0,1,0,1,2
83361875,2015-06-01,Segunda,10:45:00,RN,304,25.3,MOSSORO,Outras,Saída de Pista,Com Vítimas Feridas,Pleno dia,Crescente,Sol,Simples,Reta,Rural,2015,1,0,1,0,0,0,1,1
83361959,2015-06-01,Segunda,09:10:00,RN,110,45.5,MOSSORO,Falta de atenção,Colisão traseira,Sem Vítimas,Pleno dia,Crescente,Ceu Claro,Simples,Reta,Urbano,2015,3,0,0,0,2,1,0,2
83362009,2015-06-01,Segunda,12:50:00,RN,304,47.8,MOSSORO,Falta de atenção,Colisão traseira,Sem Vítimas,Plena noite,Decrescente,Ceu Claro,Dupla,Cruzamento,Urbano,2015,2,0,0,0,2,0,0,2
83362126,2015-06-01,Segunda,18:30:00,RN,405,3.4,MOSSORO,Ingestão de álcool,Colisão frontal,Com Vítimas Feridas,Plena noite,Crescente,Ceu Claro,Simples,Reta,Urbano,2015,3,0,1,0,2,0,1,2
83362205,2015-06-02,Terça,07:15:00,RN,304,0.0,MOSSORO,Falta de atenção,Colisão Transversal,Com Vítimas Feridas,Pleno dia,Crescente,Nublado,Simples,Reta,Urbano,2015,2,0,1,0,1,0,1,2
83362207,2015-06-01,Segunda,18:00:00,RN,427,102.1,CAICO,Animais na Pista,Atropelamento de animal,Com Vítimas Feridas,Anoitecer,Crescente,Ceu Claro,Simples,Reta,Rural,2015,2,0,1,1,0,0,2,1
83362373,2015-05-30,Sábado,18:40:00,RN,101,150.0,GOIANINHA,Ingestão de álcool,Colisão frontal,Com Vítimas Feridas,Plena noite,Crescente,Nublado,Simples,Reta,Urbano,2015,3,0,1,0,2,0,1,2
83362500,2015-06-02,Terça,11:20:00,RN,304,36.9,MOSSORO,Outras,Colisão Transversal,Com Vítimas Feridas,Pleno dia,Decrescente,Sol,Dupla,Reta,Urbano,2015,2,0,1,0,1,0,1,2
83362566,2015-05-31,Domingo,09:10:00,RN,110,48.6,MOSSORO,Falta de atenção,Colisão traseira,Sem Vítimas,Pleno dia,Decrescente,Ceu Claro,Dupla,Cruzamento,Urbano,2015,2,0,0,0,2,0,0,2
83362612,2015-05-30,Sábado,22:30:00,RN,101,109.0,PARNAMIRIM,Ingestão de álcool,Atropelamento de pessoa,Com Vítimas Feridas,Plena noite,Crescente,Nublado,Dupla,Reta,Urbano,2015,3,0,0,3,0,0,3,1
83362676,2015-05-28,Quinta,12:20:00,RN,304,48.1,MOSSORO,Falta de atenção,Colisão Transversal,Com Vítimas Feridas,Pleno dia,Crescente,Sol,Simples,Reta,Urbano,2015,2,0,1,0,1,0,1,2
83362713,2015-06-03,Quarta,09:10:00,RN,427,100.6,CAICO,Falta de atenção,Colisão Transversal,Com Vítimas Feridas,Pleno dia,Crescente,Sol,Simples,Cruzamento,Urbano,2015,2,0,1,0,1,0,1,2
83362716,2015-03-20,Sexta,11:10:00,RN,405,6.9,MOSSORO,Outras,Colisão traseira,Com Vítimas Fatais,Plena noite,Decrescente,Chuva,Simples,Reta,Urbano,2015,2,1,0,0,1,0,0,2
83362800,2015-06-03,Quarta,14:00:00,RN,226,129.0,CAMPO REDONDO,Não guardar distância de segurança,Colisão traseira,Sem Vítimas,Pleno dia,Decrescente,Ceu Claro,Simples,Reta,Rural,2015,4,0,0,0,3,1,0,4
83362831,2015-06-03,Quarta,17:35:00,RN,101,144.1,ARES,Falta de atenção,Colisão traseira,Sem Vítimas,Anoitecer,Crescente,Chuva,Dupla,Reta,Rural,2015,2,0,0,0,2,0,0,2
83362858,2015-06-03,Quarta,18:25:00,RN,304,35.5,MOSSORO,Falta de atenção,Colisão lateral,Sem Vítimas,Plena noite,Decrescente,Ceu Claro,Dupla,Reta,Urbano,2015,2,0,0,0,2,0,0,2
83362890,2015-06-03,Quarta,20:00:00,RN,304,8.0,MOSSORO,Animais na Pista,Atropelamento de animal,Sem Vítimas,Plena noite,Decrescente,Ceu Claro,Simples,Reta,Rural,2015,1,0,0,0,1,0,0,1
83362989,2015-06-03,Quarta,07:45:00,RN,110,45.9,MOSSORO,Falta de atenção,Colisão traseira,Sem Vítimas,Pleno dia,Crescente,Ceu Claro,Simples,Reta,Urbano,2015,2,0,0,0,2,0,0,2
83363006,2015-06-04,Quinta,01:40:00,RN,101,123.8,SAO JOSE DE MIPIBU,Falta de atenção,Colisão traseira,Com Vítimas Feridas,Plena noite,Decrescente,Chuva,Dupla,Reta,Rural,2015,3,0,1,0,2,0,1,2
83363043,2015-06-04,Quinta,06:40:00,RN,101,107.0,PARNAMIRIM,Não guardar distância de segurança,Colisão traseira,Sem Vítimas,Pleno dia,Crescente,Chuva,Dupla,Cruzamento,Urbano,2015,2,0,0,0,2,0,0,2
83363067,2015-06-01,Segunda,05:45:00,RN,406,170.0,SAO GONCALO DO AMARANTE,Não guardar distância de segurança,Colisão traseira,Com Vítimas Feridas,Pleno dia,Decrescente,Ceu Claro,Simples,Reta,Urbano,2015,3,0,1,0,2,0,1,3
83363091,2015-06-04,Quinta,07:00:00,RN,405,3.8,MOSSORO,Falta de atenção,Colisão com bicicleta,Com Vítimas Fatais,Pleno dia,Crescente,Ceu Claro,Simples,Reta,Urbano,2015,2,1,0,0,1,0,0,2
83363140,2015-05-31,Domingo,07:20:00,RN,405,19.0,MOSSORO,Defeito mecânico em veículo,Colisão com objeto móvel,Com Vítimas Feridas,Pleno dia,Decrescente,Ceu Claro,Simples,Reta,Rural,2015,3,0,2,0,1,0,2,2
83363161,2015-06-02,Terça,06:00:00,RN,101,106.0,PARNAMIRIM,Desobediência à sinalização,Colisão Transversal,Sem Vítimas,Pleno dia,Decrescente,Sol,Múltipla,Cruzamento,Urbano,2015,2,0,0,0,2,0,0,2
83363227,2015-06-04,Quinta,09:00:00,RN,304,296.8,MACAIBA,Falta de atenção,Colisão lateral,Com Vítimas Feridas,Pleno dia,Crescente,Nevoeiro/neblina,Simples,Cruzamento,Urbano,2015,2,0,1,0,1,0,1,2
83363292,2015-06-04,Quinta,12:10:00,RN,101,101.7,PARNAMIRIM,Falta de atenção,Colisão traseira,Sem Vítimas,Pleno dia,Crescente,Nublado,Dupla,Reta,Urbano,2015,2,0,0,0,2,0,0,2
83363294,2015-06-04,Quinta,18:20:00,RN,101,101.8,PARNAMIRIM,Outras,Colisão traseira,Sem Vítimas,Plena noite,Decrescente,Ceu Claro,Dupla,Reta,Urbano,2015,2,0,0,0,2,0,0,2
83363346,2015-06-04,Quinta,22:20:00,RN,101,125.0,SAO JOSE DE MIPIBU,Ingestão de álcool,Atropelamento de pessoa,Com Vítimas Feridas,Plena noite,Decrescente,Ceu Claro,Dupla,Reta,Urbano,2015,2,0,0,1,0,1,1,1
83363370,2015-06-04,Quinta,23:30:00,RN,406,169.0,SAO GONCALO DO AMARANTE,Ingestão de álcool,Saída de Pista,Sem Vítimas,Plena noite,Crescente,Ceu Claro,Simples,Reta,Urbano,2015,1,0,0,0,1,0,0,1
83363373,2015-06-04,Quinta,22:20:00,RN,101,78.0,NATAL,Animais na Pista,Atropelamento de animal,Com Vítimas Feridas,Plena noite,Decrescente,Ceu Claro,Dupla,Reta,Rural,2015,1,0,1,0,0,0,1,1
83363388,2015-06-04,Quinta,12:05:00,RN,304,24.3,MOSSORO,Velocidade incompatível,Tombamento,Com Vítimas Feridas,Pleno dia,Decrescente,Nublado,Simples,Curva,Rural,2015,1,0,1,0,0,0,1,1
83363499,2015-05-31,Domingo,16:45:00,RN,110,44.0,MOSSORO,Falta de atenção,Queda de motocicleta / bicicleta / veículo,Com Vítimas Feridas,Pleno dia,Crescente,Ceu Claro,Simples,Curva,Rural,2015,2,0,2,0,0,0,2,1
83363532,2015-06-01,Segunda,07:30:00,RN,226,4.4,NATAL,Falta de atenção,Colisão Transversal,Com Vítimas Feridas,Pleno dia,Crescente,Ceu Claro,Simples,Cruzamento,Urbano,2015,2,0,1,0,1,0,1,2
83363640,2015-06-05,Sexta,14:30:00,RN,304,35.7,MOSSORO,Desobediência à sinalização,Colisão Transversal,Com Vítimas Feridas,Pleno dia,Crescente,Sol,Simples,Cruzamento,Urbano,2015,3,0,1,0,2,0,1,3
83363665,2015-06-05,Sexta,18:40:00,RN,406,171.0,SAO GONCALO DO AMARANTE,Outras,Colisão lateral,Sem Vítimas,Plena noite,Decrescente,Ceu Claro,Simples,Reta,Urbano,2015,2,0,0,0,1,1,0,2
83363674,2015-06-05,Sexta,19:10:00,RN,101,78.8,NATAL,Animais na Pista,Atropelamento de animal,Com Vítimas Feridas,Plena noite,Decrescente,Nublado,Dupla,Reta,Urbano,2015,2,0,1,1,0,0,2,1
83363687,2015-06-05,Sexta,16:30:00,RN,101,95.5,NATAL,Falta de atenção,Colisão lateral,Sem Vítimas,Pleno dia,Crescente,Nublado,Dupla,Reta,Urbano,2015,2,0,0,0,2,0,0,2
83363786,2015-06-05,Sexta,14:20:00,RN,405,0.4,MOSSORO,Falta de atenção,Colisão lateral,Sem Vítimas,Pleno dia,Crescente,Ceu Claro,Simples,Reta,Urbano,2015,2,0,0,0,1,1,0,2
83363791,2015-06-06,Sábado,00:25:00,RN,304,52.2,MOSSORO,Animais na Pista,Atropelamento de animal,Sem Vítimas,Plena noite,Decrescente,Ceu Claro,Simples,Reta,Rural,2015,2,0,0,0,2,0,0,2
83363815,2015-06-05,Sexta,18:30:00,RN,427,76.9,JARDIM DO SERIDO,Outras,Colisão Transversal,Com Vítimas Feridas,Plena noite,Decrescente,Ceu Claro,Simples,Reta,Rural,2015,2,0,1,0,0,1,1,2
83363822,2015-06-05,Sexta,16:00:00,RN,101,82.5,SAO GONCALO DO AMARANTE,Outras,Colisão lateral,Com Vítimas Feridas,Pleno dia,Crescente,Ceu Claro,Dupla,Reta,Urbano,2015,3,0,0,1,2,0,1,3
83363831,2015-06-05,Sexta,17:40:00,RN,427,100.0,CAICO,Desobediência à sinalização,Colisão Transversal,Com Vítimas Feridas,Pleno dia,Crescente,Ceu Claro,Simples,Reta,Urbano,2015,2,0,1,0,1,0,1,2
83363834,2015-06-05,Sexta,17:30:00,RN,405,153.0,PAU DOS FERROS,Falta de atenção,Colisão lateral,Sem Vítimas,Pleno dia,Decrescente,Ceu Claro,Simples,Reta,Urbano,2015,2,0,0,0,2,0,0,2
83363835,2015-06-04,Quinta,18:00:00,RN,304,38.0,MOSSORO,Outras,Atropelamento de pessoa,Com Vítimas Feridas,Anoitecer,Crescente,Ceu Claro,Simples,Reta,Rural,2015,2,0,1,0,1,0,1,1
83363864,2015-06-05,Sexta,21:25:00,RN,304,35.6,MOSSORO,Falta de atenção,Colisão Transversal,Com Vítimas Feridas,Plena noite,Decrescente,Ceu Claro,Múltipla,Cruzamento,Urbano,2015,2,0,1,0,1,0,1,2
83363878,2015-06-06,Sábado,07:30:00,RN,101,83.2,SAO GONCALO DO AMARANTE,Não guardar distância de segurança,Colisão traseira,Sem Vítimas,Pleno dia,Crescente,Ceu Claro,Dupla,Reta,Urbano,2015,2,0,0,0,2,0,0,2
83363978,2015-06-06,Sábado,12:55:00,RN,101,82.8,SAO GONCALO DO AMARANTE,Falta de atenção,Colisão traseira,Sem Vítimas,Pleno dia,Crescente,Nevoeiro/neblina,Dupla,Reta,Urbano,2015,2,0,0,0,1,1,0,2
83363981,2015-06-06,Sábado,10:00:00,RN,101,107.0,PARNAMIRIM,Outras,Queda de motocicleta / bicicleta / veículo,Com Vítimas Feridas,Pleno dia,Decrescente,Ceu Claro,Dupla,Reta,Urbano,2015,3,0,1,0,2,0,1,1
83363987,2015-06-06,Sábado,12:30:00,RN,101,99.0,NATAL,Falta de atenção,Colisão lateral,Com Vítimas Feridas,Pleno dia,Crescente,Ceu Claro,Dupla,Reta,Urbano,2015,3,0,2,0,1,0,2,2
83364013,2015-06-06,Sábado,12:30:00,RN,101,99.8,NATAL,Não guardar distância de segurança,Colisão traseira,Sem Vítimas,Pleno dia,Decrescente,Ceu Claro,Dupla,Reta,Urbano,2015,2,0,0,0,2,0,0,2
83364015,2015-06-04,Quinta,16:30:00,RN,110,5.0,AREIA BRANCA,Falta de atenção,Colisão Transversal,Sem Vítimas,Pleno dia,Decrescente,Ceu Claro,Simples,Reta,Rural,2015,2,0,0,0,1,1,0,2
83364033,2015-06-06,Sábado,10:30:00,RN,405,1.5,MOSSORO,Outras,Colisão traseira,Sem Vítimas,Pleno dia,Decrescente,Sol,Dupla,Reta,Urbano,2015,2,0,0,0,2,0,0,2
83364050,2015-06-06,Sábado,17:20:00,RN,226,167.5,CURRAIS NOVOS,Outras,Colisão lateral,Sem Vítimas,Anoitecer,Crescente,Ceu Claro,Simples,Reta,Rural,2015,2,0,0,0,2,0,0,2
83364053,2015-06-06,Sábado,11:30:00,RN,304,300.0,MACAIBA,Não guardar distância de segurança,Colisão traseira,Com Vítimas Feridas,Pleno dia,Decrescente,Nublado,Dupla,Reta,Urbano,2015,3,0,2,0,1,0,2,2
83364100,2015-06-06,Sábado,18:10:00,RN,304,43.2,MOSSORO,Falta de atenção,Colisão traseira,Com Vítimas Feridas,Plena noite,Crescente,Ceu Claro,Dupla,Reta,Rural,2015,3,0,2,0,0,1,2,2
83364104,2015-06-06,Sábado,18:50:00,RN,427,87.9,CAICO,Outras,Queda de motocicleta / bicicleta / veículo,Com Vítimas Feridas,Plena noite,Decrescente,Ceu Claro,Simples,Reta,Rural,2015,1,0,0,1,0,0,1,1
83364237,2015-06-06,Sábado,07:30:00,RN,405,2.0,MOSSORO,Falta de atenção,Colisão lateral,Com Vítimas Feridas,Pleno dia,Decrescente,Ceu Claro,Dupla,Reta,Urbano,2015,2,0,1,0,1,0,1,2
83364267,2015-05-25,Segunda,17:25:00,RN,101,96.0,NATAL,Outras,Colisão lateral,Com Vítimas Feridas,Anoitecer,Decrescente,Ceu Claro,Múltipla,Reta,Urbano,2015,2,0,1,0,0,1,1,2
83364457,2015-06-07,Domingo,15:25:00,RN,101,107.8,PARNAMIRIM,Não guardar distância de segurança,Colisão traseira,Sem Vítimas,Pleno dia,Decrescente,Chuva,Dupla,Cruzamento,Urbano,2015,2,0,0,0,2,0,0,2
83364611,2015-06-03,Quarta,16:45:00,RN,101,81.5,NATAL,Não guardar distância de segurança,Colisão traseira,Sem Vítimas,Pleno dia,Decrescente,Ceu Claro,Dupla,Reta,Urbano,2015,2,0,0,0,2,0,0,2
83364617,2015-06-08,Segunda,05:40:00,RN,304,295.3,MACAIBA,Outras,Colisão Transversal,Sem Vítimas,Pleno dia,Decrescente,Chuva,Simples,Reta,Rural,2015,2,0,0,0,2,0,0,2
83364661,2015-05-08,Sexta,07:40:00,RN,101,108.0,PARNAMIRIM,Desobediência à sinalização,Colisão lateral,Sem Vítimas,Pleno dia,Crescente,Chuva,Dupla,Cruzamento,Urbano,2015,2,0,0,0,2,0,0,2
83364692,2015-06-08,Segunda,08:35:00,RN,226,2.9,NATAL,Falta de atenção,Colisão Transversal,Com Vítimas Feridas,Pleno dia,Decrescente,Ceu Claro,Simples,Reta,Urbano,2015,3,0,1,0,2,0,1,2
83364696,2015-06-08,Segunda,08:20:00,RN,304,297.0,MACAIBA,Falta de atenção,Colisão traseira,Sem Vítimas,Pleno dia,Crescente,Ceu Claro,Simples,Reta,Urbano,2015,2,0,0,0,2,0,0,2
83364702,2015-06-08,Segunda,07:30:00,RN,101,77.0,EXTREMOZ,Defeito mecânico em veículo,Queda de motocicleta / bicicleta / veículo,Com Vítimas Feridas,Pleno dia,Crescente,Nublado,Dupla,Reta,Urbano,2015,2,0,2,0,0,0,2,1
83364731,2015-06-05,Sexta,07:10:00,RN,427,99.8,CAICO,Falta de atenção,Colisão Transversal,Sem Vítimas,Pleno dia,Decrescente,Ceu Claro,Simples,Reta,Urbano,2015,2,0,0,0,1,1,0,2
83364762,2015-06-08,Segunda,13:05:00,RN,101,77.6,NATAL,Outras,Colisão Transversal,Com Vítimas Feridas,Pleno dia,Decrescente,Sol,Dupla,Reta,Urbano,2015,3,0,2,0,1,0,2,2
83364772,2015-05-19,Terça,06:00:00,RN,406,39.0,JANDAIRA,Dormindo,Saída de Pista,Sem Vítimas,Amanhecer,Decrescente,Ceu Claro,Simples,Reta,Rural,2015,1,0,0,0,1,0,0,1
83364801,2015-05-23,Sábado,12:20:00,RN,101,104.5,PARNAMIRIM,Outras,Colisão lateral,Com Vítimas Feridas,Pleno dia,Crescente,Sol,Dupla,Curva,Urbano,2015,2,0,1,0,1,0,1,2
83364809,2015-06-08,Segunda,14:40:00,RN,101,83.0,SAO GONCALO DO AMARANTE,Falta de atenção,Colisão traseira,Sem Vítimas,Pleno dia,Crescente,Ceu Claro,Dupla,Reta,Urbano,2015,2,0,0,0,2,0,0,2
83364810,2015-06-08,Segunda,14:00:00,RN,226,175.0,CURRAIS NOVOS,Falta de atenção,Colisão traseira,Com Vítimas Feridas,Pleno dia,Crescente,Nublado,Dupla,Reta,Urbano,2015,2,0,1,0,1,0,1,2
83364817,2015-06-08,Segunda,13:30:00,RN,226,175.0,CURRAIS NOVOS,Não guardar distância de segurança,Colisão lateral,Com Vítimas Feridas,Pleno dia,Crescente,Nublado,Dupla,Reta,Urbano,2015,2,0,1,0,1,0,1,2
83364827,2015-06-08,Segunda,07:10:00,RN,101,77.9,SAO GONCALO DO AMARANTE,Outras,Colisão Transversal,Com Vítimas Feridas,Pleno dia,Crescente,Nublado,Dupla,Reta,Urbano,2015,2,0,0,1,1,0,1,2
83364882,2015-06-08,Segunda,19:00:00,RN,304,47.7,MOSSORO,Desobediência à sinalização,Colisão Transversal,Sem Vítimas,Plena noite,Decrescente,Nublado,Simples,Curva,Urbano,2015,2,0,0,0,2,0,0,2
83364896,2015-05-07,Quinta,21:40:00,RN,406,104.0,JOAO CAMARA,Falta de atenção,Colisão Transversal,Sem Vítimas,Plena noite,Decrescente,Nublado,Simples,Reta,Urbano,2015,2,0,0,0,2,0,0,2
83364904,2015-06-08,Segunda,18:00:00,RN,101,99.5,NATAL,Não guardar distância de segurança,Colisão lateral,Sem Vítimas,Anoitecer,Decrescente,Ceu Claro,Dupla,Reta,Urbano,2015,2,0,0,0,2,0,0,2
83364924,2015-06-08,Segunda,11:30:00,RN,101,108.0,PARNAMIRIM,Não guardar distância de segurança,Colisão traseira,Sem Vítimas,Pleno dia,Decrescente,Nublado,Dupla,Reta,Urbano,2015,2,0,0,0,2,0,0,2
83365029,2015-06-07,Domingo,16:40:00,RN,101,143.0,ARES,Outras,Saída de Pista,Sem Vítimas,Pleno dia,Decrescente,Chuva,Dupla,Reta,Rural,2015,1,0,0,0,1,0,0,1
83365058,2015-02-18,Quarta,13:20:00,RN,304,38.2,MOSSORO,Falta de atenção,Colisão traseira,Sem Vítimas,Pleno dia,Crescente,Ceu Claro,Dupla,Cruzamento,Urbano,2015,2,0,0,0,2,0,0,2
83365067,2015-05-30,Sábado,15:50:00,RN,304,37.3,MOSSORO,Não guardar distância de segurança,Colisão lateral,Com Vítimas Feridas,Pleno dia,Crescente,Ceu Claro,Dupla,Reta,Urbano,2015,2,0,0,1,0,1,1,2
83365076,2015-06-09,Terça,07:30:00,RN,101,78.5,SAO GONCALO DO AMARANTE,Falta de atenção,Colisão traseira,Sem Vítimas,Pleno dia,Decrescente,Nublado,Dupla,Reta,Urbano,2015,2,0,0,0,2,0,0,2
83365088,2015-06-08,Segunda,06:35:00,RN,101,98.0,NATAL,Não guardar distância de segurança,Colisão traseira,Sem Vítimas,Pleno dia,Decrescente,Sol,Dupla,Reta,Urbano,2015,2,0,0,0,2,0,0,2
83365095,2015-06-08,Segunda,17:00:00,RN,101,94.0,NATAL,Falta de atenção,Colisão lateral,Sem Vítimas,Pleno dia,Crescente,Sol,Múltipla,Curva,Urbano,2015,2,0,0,0,2,0,0,2
83365097,2015-06-09,Terça,09:00:00,RN,427,100.9,CAICO,Falta de atenção,Atropelamento de pessoa,Com Vítimas Feridas,Pleno dia,Crescente,Ceu Claro,Simples,Reta,Urbano,2015,2,0,1,0,1,0,1,1
83365160,2015-06-09,Terça,12:40:00,RN,101,125.8,SAO JOSE DE MIPIBU,Falta de atenção,Colisão Transversal,Com Vítimas Feridas,Pleno dia,Crescente,Ceu Claro,Dupla,Reta,Rural,2015,2,0,1,0,1,0,1,2
83365209,2015-06-09,Terça,07:00:00,RN,101,108.1,PARNAMIRIM,Não guardar distância de segurança,Colisão traseira,Sem Vítimas,Pleno dia,Decrescente,Ceu Claro,Múltipla,Reta,Urbano,2015,2,0,0,0,2,0,0,2
83365226,2015-06-09,Terça,16:45:00,RN,406,161.8,CEARA-MIRIM,Outras,Tombamento,Com Vítimas Feridas,Pleno dia,Crescente,Ceu Claro,Simples,Reta,Urbano,2015,1,0,0,1,0,0,1,1