id,data_inversa,dia_semana,horario,uf,br,km,municipio,causa_acidente,tipo_acidente,classificacao_acidente,fase_dia,sentido_via,condicao_metereologica,tipo_pista,tracado_via,uso_solo,ano,pessoas,mortos,feridos_leves,feridos_graves,ilesos,ignorados,feridos,veiculos
83365260,2015-06-09,Terça,11:30:00,RN,110,48.0,MOSSORO,Falta de atenção,Colisão traseira,Com Vítimas Feridas,Pleno dia,Crescente,Ceu Claro,Simples,Reta,Urbano,2015,2,0,1,0,1,0,1,2
83365268,2015-06-09,Terça,16:40:00,RN,406,170.8,SAO GONCALO DO AMARANTE,Outras,Colisão Transversal,Sem Vítimas,Pleno dia,Decrescente,Sol,Simples,Reta,Urbano,2015,2,0,0,0,2,0,0,2
83365322,2015-06-09,Terça,19:00:00,RN,427,99.9,CAICO,Outras,Queda de motocicleta / bicicleta / veículo,Com Vítimas Feridas,Plena noite,Decrescente,Ceu Claro,Simples,Reta,Urbano,2015,1,0,0,1,0,0,1,1
83365360,2015-06-01,Segunda,08:45:00,RN,110,49.5,MOSSORO,Ingestão de álcool,Colisão Transversal,Com Vítimas Feridas,Pleno dia,Decrescente,Ceu Claro,Dupla,Reta,Urbano,2015,2,0,1,0,1,0,1,2
83365374,2015-06-09,Terça,21:30:00,RN,427,101.9,CAICO,Outras,Colisão Transversal,Com Vítimas Feridas,Plena noite,Crescente,Ceu Claro,Simples,Reta,Urbano,2015,3,0,2,0,1,0,2,2
83365481,2015-06-04,Quinta,16:00:00,RN,101,96.0,NATAL,Falta de atenção,Colisão traseira,Sem Vítimas,Pleno dia,Crescente,Ceu Claro,Dupla,Reta,Urbano,2015,2,0,0,0,2,0,0,2
83365497,2015-06-10,Quarta,10:10:00,RN,427,98.9,CAICO,Falta de atenção,Colisão lateral,Sem Vítimas,Pleno dia,Decrescente,Ceu Claro,Simples,Reta,Urbano,2015,2,0,0,0,2,0,0,2
83365530,2015-06-10,Quarta,12:30:00,RN,101,78.8,SAO GONCALO DO AMARANTE,Outras,Colisão lateral,Com Vítimas Feridas,Pleno dia,Crescente,Ceu Claro,Dupla,Reta,Urbano,2015,2,0,1,0,1,0,1,2
83365769,2015-06-10,Quarta,11:20:00,RN,405,2.6,MOSSORO,Outras,Colisão traseira,Com Vítimas Feridas,Pleno dia,Decrescente,Sol,Dupla,Reta,Urbano,2015,2,0,0,1,1,0,1,2
83365785,2015-06-10,Quarta,22:40:00,RN,101,104.0,PARNAMIRIM,Outras,Colisão traseira,Com Vítimas Feridas,Plena noite,Crescente,Ceu Claro,Simples,Reta,Urbano,2015,2,0,1,0,1,0,1,2
83365856,2015-06-03,Quarta,22:40:00,RN,304,300.3,MACAIBA,Ingestão de álcool,Colisão frontal,Sem Vítimas,Plena noite,Decrescente,Ceu Claro,Dupla,Reta,Urbano,2015,2,0,0,0,2,0,0,2
83365892,2015-06-11,Quinta,08:00:00,RN,406,168.5,SAO GONCALO DO AMARANTE,Não guardar distância de segurança,Colisão traseira,Sem Vítimas,Pleno dia,Crescente,Ceu Claro,Simples,Reta,Urbano,2015,3,0,0,0,2,1,0,3
83365930,2015-06-11,Quinta,07:25:00,RN,304,45.7,MOSSORO,Falta de atenção,Colisão traseira,Sem Vítimas,Pleno dia,Decrescente,Ceu Claro,Dupla,Reta,Rural,2015,2,0,0,0,2,0,0,2
83365942,2015-06-08,Segunda,09:40:00,RN,101,97.6,NATAL,Não guardar distância de segurança,Colisão traseira,Sem Vítimas,Plena noite,Decrescente,Ceu Claro,Dupla,Reta,Urbano,2015,3,0,0,0,3,0,0,3
83365986,2015-06-11,Quinta,15:45:00,RN,427,100.5,CAICO,Outras,Colisão traseira,Com Vítimas Feridas,Pleno dia,Crescente,Ceu Claro,Simples,Reta,Urbano,2015,3,0,1,0,2,0,1,3
83366036,2015-06-09,Terça,11:15:00,RN,101,106.0,PARNAMIRIM,Falta de atenção,Colisão lateral,Sem Vítimas,Pleno dia,Crescente,Ceu Claro,Dupla,Reta,Urbano,2015,2,0,0,0,2,0,0,2
83366048,2015-06-08,Segunda,04:30:00,RN,101,135.3,GOIANINHA,Velocidade incompatível,Capotamento,Sem Vítimas,Amanhecer,Crescente,Nublado,Dupla,Curva,Rural,2015,1,0,0,0,1,0,0,1
83366079,2015-06-11,Quinta,14:30:00,RN,101,83.0,NATAL,Não guardar distância de segurança,Colisão traseira,Sem Vítimas,Pleno dia,Decrescente,Ceu Claro,Dupla,Reta,Urbano,2015,2,0,0,0,2,0,0,2
83366102,2015-06-11,Quinta,18:00:00,RN,101,107.4,PARNAMIRIM,Falta de atenção,Colisão Transversal,Sem Vítimas,Plena noite,Crescente,Ceu Claro,Dupla,Reta,Urbano,2015,4,0,0,0,4,0,0,2
83366145,2015-06-08,Segunda,06:10:00,RN,101,85.0,SAO GONCALO DO AMARANTE,Falta de atenção,Colisão traseira,Sem Vítimas,Pleno dia,Crescente,Chuva,Dupla,Reta,Urbano,2015,3,0,0,0,3,0,0,3
83366164,2015-06-11,Quinta,18:15:00,RN,101,107.0,PARNAMIRIM,Outras,Colisão Transversal,Sem Vítimas,Plena noite,Crescente,Ceu Claro,Dupla,Reta,Urbano,2015,2,0,0,0,2,0,0,2
83366188,2015-06-09,Terça,15:30:00,RN,101,112.0,SAO JOSE DE MIPIBU,Falta de atenção,Colisão Transversal,Sem Vítimas,Pleno dia,Decrescente,Ceu Claro,Dupla,Reta,Rural,2015,2,0,0,0,2,0,0,2
83366359,2015-06-12,Sexta,13:00:00,RN,101,100.0,NATAL,Falta de atenção,Colisão traseira,Sem Vítimas,Pleno dia,Decrescente,Sol,Dupla,Reta,Urbano,2015,3,0,0,0,3,0,0,3
83366387,2015-06-12,Sexta,12:20:00,RN,304,272.4,SAO PEDRO,Ultrapassagem indevida,Colisão frontal,Com Vítimas Feridas,Pleno dia,Crescente,Ceu Claro,Simples,Reta,Rural,2015,3,0,0,1,2,0,1,3
83366412,2015-06-12,Sexta,11:20:00,RN,110,47.2,MOSSORO,Outras,Colisão Transversal,Com Vítimas Feridas,Pleno dia,Crescente,Ceu Claro,Dupla,Cruzamento,Urbano,2015,3,0,1,0,2,0,1,2
83366593,2015-06-13,Sábado,03:10:00,RN,304,42.0,MOSSORO,Outras,Saída de Pista,Sem Vítimas,Plena noite,Decrescente,Ceu Claro,Dupla,Reta,Rural,2015,1,0,0,0,1,0,0,1
83366611,2015-06-13,Sábado,03:50:00,RN,101,76.0,SAO GONCALO DO AMARANTE,Ingestão de álcool,Capotamento,Com Vítimas Feridas,Plena noite,Crescente,Ceu Claro,Dupla,Curva,Urbano,2015,5,0,1,4,0,0,5,1
83366666,2015-06-12,Sexta,17:45:00,RN,427,98.6,CAICO,Falta de atenção,Colisão Transversal,Com Vítimas Feridas,Anoitecer,Crescente,Ceu Claro,Simples,Curva,Urbano,2015,2,0,0,1,1,0,1,2
83366865,2015-06-13,Sábado,18:10:00,RN,405,7.9,MOSSORO,Outras,Atropelamento de animal,Com Vítimas Feridas,Plena noite,Crescente,Ceu Claro,Simples,Reta,Rural,2015,2,0,0,1,1,0,1,1
83366870,2015-06-13,Sábado,18:40:00,RN,405,7.6,MOSSORO,Animais na Pista,Atropelamento de animal,Sem Vítimas,Plena noite,Crescente,Ceu Claro,Simples,Reta,Rural,2015,2,0,0,0,2,0,0,1
83366942,2015-06-13,Sábado,17:50:00,RN,101,96.0,NATAL,Não guardar distância de segurança,Colisão lateral,Com Vítimas Feridas,Plena noite,Decrescente,Chuva,Dupla,Reta,Urbano,2015,4,0,3,0,1,0,3,3
83366978,2015-06-13,Sábado,19:00:00,RN,427,101.0,CAICO,Falta de atenção,Colisão com bicicleta,Com Vítimas Feridas,Plena noite,Decrescente,Ceu Claro,Simples,Reta,Urbano,2015,2,0,1,0,0,1,1,2
83367006,2015-06-14,Domingo,06:50:00,RN,101,96.0,NATAL,Velocidade incompatível,Colisão traseira,Sem Vítimas,Pleno dia,Decrescente,Nublado,Múltipla,Reta,Urbano,2015,2,0,0,0,2,0,0,2
83367051,2015-06-09,Terça,20:30:00,RN,101,112.0,SAO JOSE DE MIPIBU,Defeito mecânico em veículo,Colisão com objeto fixo,Sem Vítimas,Plena noite,Decrescente,Ceu Claro,Dupla,Reta,Rural,2015,1,0,0,0,1,0,0,1
83367091,2015-06-11,Quinta,05:15:00,RN,427,103.0,CAICO,Outras,Colisão traseira,Com Vítimas Feridas,Amanhecer,Crescente,Ceu Claro,Simples,Reta,Rural,2015,2,0,1,1,0,0,2,2
83367140,2015-06-14,Domingo,07:50:00,RN,304,284.0,MACAIBA,Ultrapassagem indevida,Tombamento,Com Vítimas Feridas,Pleno dia,Crescente,Sol,Simples,Reta,Rural,2015,2,0,1,0,0,1,1,2
83367148,2015-06-14,Domingo,15:40:00,RN,226,167.3,CURRAIS NOVOS,Outras,Capotamento,Sem Vítimas,Pleno dia,Crescente,Ceu Claro,Simples,Curva,Rural,2015,1,0,0,0,1,0,0,1
83367254,2015-06-14,Domingo,16:27:00,RN,406,86.1,JOAO CAMARA,Defeito mecânico em veículo,Saída de Pista,Sem Vítimas,Pleno dia,Crescente,Ceu Claro,Simples,Reta,Rural,2015,1,0,0,0,1,0,0,1
83367259,2015-06-14,Domingo,18:50:00,RN,304,243.5,RIACHUELO,Não guardar distância de segurança,Colisão lateral,Com Vítimas Feridas,Plena noite,Crescente,Ceu Claro,Simples,Reta,Urbano,2015,2,0,1,0,1,0,1,2
83367307,2015-06-14,Domingo,15:30:00,RN,110,46.8,MOSSORO,Ingestão de álcool,Saída de Pista,Com Vítimas Feridas,Pleno dia,Crescente,Ceu Claro,Simples,Curva,Urbano,2015,1,0,0,1,0,0,1,1
83367440,2015-06-15,Segunda,08:00:00,RN,101,95.8,NATAL,Não guardar distância de segurança,Colisão lateral,Sem Vítimas,Pleno dia,Crescente,Sol,Múltipla,Reta,Urbano,2015,2,0,0,0,2,0,0,2
83367460,2015-06-15,Segunda,10:30:00,RN,427,99.9,CAICO,Falta de atenção,Atropelamento de pessoa,Com Vítimas Feridas,Pleno dia,Crescente,Ceu Claro,Simples,Reta,Urbano,2015,2,0,1,0,1,0,1,1
83367467,2015-06-15,Segunda,07:10:00,RN,110,45.9,MOSSORO,Não guardar distância de segurança,Colisão traseira,Sem Vítimas,Pleno dia,Decrescente,Ceu Claro,Simples,Reta,Urbano,2015,2,0,0,0,2,0,0,2
83367475,2015-06-15,Segunda,07:27:00,RN,101,84.0,NATAL,Não guardar distância de segurança,Colisão traseira,Com Vítimas Feridas,Pleno dia,Crescente,Ceu Claro,Dupla,Curva,Urbano,2015,4,0,1,1,2,0,2,3
83367479,2015-06-15,Segunda,07:30:00,RN,101,108.7,PARNAMIRIM,Dormindo,Colisão com objeto fixo,Com Vítimas Feridas,Pleno dia,Crescente,Sol,Múltipla,Reta,Urbano,2015,1,0,1,0,0,0,1,1
83367494,2015-06-11,Quinta,18:30:00,RN,101,102.0,PARNAMIRIM,Não guardar distância de segurança,Colisão traseira,Sem Vítimas,Anoitecer,Decrescente,Ceu Claro,Dupla,Reta,Urbano,2015,3,0,0,0,3,0,0,3
83367625,2015-05-30,Sábado,17:20:00,RN,406,167.0,SAO GONCALO DO AMARANTE,Falta de atenção,Colisão Transversal,Sem Vítimas,Anoitecer,Decrescente,Vento,Simples,Reta,Urbano,2015,2,0,0,0,2,0,0,2
83367675,2015-05-18,Segunda,15:20:00,RN,406,166.0,SAO GONCALO DO AMARANTE,Outras,Danos Eventuais,Sem Vítimas,Pleno dia,Decrescente,Sol,Simples,Reta,Urbano,2015,2,0,0,0,2,0,0,2
83367776,2015-06-13,Sábado,14:15:00,RN,304,40.2,MOSSORO,Ingestão de álcool,Colisão frontal,Com Vítimas Feridas,Pleno dia,Decrescente,Sol,Dupla,Curva,Urbano,2015,2,0,1,0,1,0,1,2
83367790,2015-06-16,Terça,08:40:00,RN,304,286.7,MACAIBA,Não guardar distância de segurança,Colisão traseira,Sem Vítimas,Pleno dia,Decrescente,Ceu Claro,Simples,Reta,Rural,2015,2,0,0,0,2,0,0,2
83367841,2015-06-16,Terça,09:10:00,RN,304,47.6,MOSSORO,Falta de atenção,Colisão traseira,Sem Vítimas,Pleno dia,Crescente,Ceu Claro,Dupla,Cruzamento,Urbano,2015,2,0,0,0,2,0,0,2
83367867,2015-06-16,Terça,11:15:00,RN,101,96.0,NATAL,Não guardar distância de segurança,Colisão lateral,Sem Vítimas,Pleno dia,Crescente,Ceu Claro,Dupla,Reta,Urbano,2015,2,0,0,0,2,0,0,2
83367913,2015-06-16,Terça,11:20:00,RN,226,176.4,CURRAIS NOVOS,Falta de atenção,Colisão lateral,Sem Vítimas,Pleno dia,Crescente,Sol,Simples,Reta,Urbano,2015,2,0,0,0,2,0,0,2
83368034,2015-06-16,Terça,17:00:00,RN,101,99.9,PARNAMIRIM,Outras,Colisão lateral,Sem Vítimas,Plena noite,Decrescente,Sol,Dupla,Reta,Urbano,2015,2,0,0,0,2,0,0,2
83368046,2015-06-16,Terça,16:35:00,RN,101,102.9,PARNAMIRIM,Não guardar distância de segurança,Colisão lateral,Sem Vítimas,Pleno dia,Crescente,Sol,Dupla,Cruzamento,Urbano,2015,2,0,0,0,1,1,0,2
83368077,2015-06-16,Terça,18:30:00,RN,101,82.0,NATAL,Falta de atenção,Colisão traseira,Sem Vítimas,Plena noite,Decrescente,Ceu Claro,Dupla,Reta,Urbano,2015,2,0,0,0,2,0,0,2
83368141,2015-06-16,Terça,08:20:00,RN,101,98.1,NATAL,Não guardar distância de segurança,Colisão traseira,Sem Vítimas,Pleno dia,Decrescente,Ceu Claro,Múltipla,Reta,Urbano,2015,2,0,0,0,2,0,0,2
83368192,2015-06-17,Quarta,07:00:00,RN,101,78.0,NATAL,Falta de atenção,Colisão traseira,Sem Vítimas,Pleno dia,Decrescente,Nublado,Simples,Reta,Urbano,2015,2,0,0,0,2,0,0,2
83368229,2015-06-07,Domingo,16:35:00,RN,101,99.9,NATAL,Falta de atenção,Colisão traseira,Com Vítimas Feridas,Pleno dia,Decrescente,Nublado,Dupla,Reta,Urbano,2015,3,0,2,0,1,0,2,2
83368231,2015-06-17,Quarta,10:19:00,RN,304,42.1,MOSSORO,Falta de atenção,Colisão lateral,Com Vítimas Feridas,Pleno dia,Crescente,Ceu Claro,Dupla,Curva,Urbano,2015,3,0,1,0,2,0,1,2
83368275,2015-06-17,Quarta,14:00:00,RN,101,83.2,SAO GONCALO DO AMARANTE,Não guardar distância de segurança,Colisão traseira,Sem Vítimas,Pleno dia,Crescente,Ceu Claro,Dupla,Reta,Urbano,2015,2,0,0,0,2,0,0,2
83368681,2015-06-18,Quinta,14:10:00,RN,304,279.0,MACAIBA,Não guardar distância de segurança,Colisão frontal,Sem Vítimas,Pleno dia,Crescente,Nublado,Simples,Reta,Rural,2015,2,0,0,0,2,0,0,2
83368701,2015-06-18,Quinta,08:00:00,RN,101,101.7,PARNAMIRIM,Desobediência à sinalização,Colisão Transversal,Com Vítimas Feridas,Pleno dia,Crescente,Ceu Claro,Dupla,Reta,Urbano,2015,3,0,1,0,2,0,1,3
83368709,2015-06-18,Quinta,15:00:00,RN,101,103.0,PARNAMIRIM,Falta de atenção,Colisão Transversal,Sem Vítimas,Pleno dia,Crescente,Ceu Claro,Dupla,Reta,Urbano,2015,2,0,0,0,2,0,0,2
83368714,2015-06-18,Quinta,17:53:00,RN,101,104.0,PARNAMIRIM,Ingestão de álcool,Colisão lateral,Sem Vítimas,Anoitecer,Crescente,Ceu Claro,Dupla,Reta,Urbano,2015,2,0,0,0,2,0,0,2
83368756,2015-06-18,Quinta,21:20:00,RN,427,99.6,CAICO,Animais na Pista,Atropelamento de animal,Sem Vítimas,Plena noite,Crescente,Ceu Claro,Simples,Reta,Urbano,2015,1,0,0,0,1,0,0,1
83368771,2015-06-18,Quinta,20:15:00,RN,101,99.1,NATAL,Não guardar distância de segurança,Colisão traseira,Sem Vítimas,Plena noite,Crescente,Nublado,Dupla,Reta,Urbano,2015,3,0,0,0,3,0,0,3
83368776,2015-06-18,Quinta,22:00:00,RN,304,292.0,MACAIBA,Outras,Colisão lateral,Sem Vítimas,Pleno dia,Decrescente,Chuva,Simples,Curva,Rural,2015,2,0,0,0,1,1,0,2
83368844,2015-06-18,Quinta,20:10:00,RN,101,99.0,NATAL,Não guardar distância de segurança,Colisão traseira,Com Vítimas Feridas,Plena noite,Decrescente,Nublado,Dupla,Reta,Urbano,2015,2,0,1,0,1,0,1,2
83368953,2015-06-19,Sexta,05:05:00,RN,304,41.6,MOSSORO,Ingestão de álcool,Colisão traseira,Sem Vítimas,Amanhecer,Decrescente,Ceu Claro,Dupla,Curva,Urbano,2015,2,0,0,0,2,0,0,2
83368981,2015-06-19,Sexta,07:45:00,RN,110,43.7,MOSSORO,Não guardar distância de segurança,Colisão traseira,Com Vítimas Feridas,Pleno dia,Crescente,Ceu Claro,Simples,Reta,Rural,2015,3,0,1,0,2,0,1,3
83369030,2015-06-19,Sexta,13:40:00,RN,304,42.4,MOSSORO,Não guardar distância de segurança,Colisão traseira,Sem Vítimas,Pleno dia,Decrescente,Sol,Dupla,Curva,Urbano,2015,2,0,0,0,2,0,0,2
83369091,2015-06-19,Sexta,18:00:00,RN,226,0.5,NATAL,Falta de atenção,Colisão frontal,Com Vítimas Feridas,Plena noite,Crescente,Ceu Claro,Simples,Reta,Urbano,2015,2,0,0,1,1,0,1,2
83369121,2015-06-19,Sexta,10:00:00,RN,101,100.0,PARNAMIRIM,Não guardar distância de segurança,Colisão traseira,Com Vítimas Feridas,Pleno dia,Decrescente,Sol,Dupla,Reta,Urbano,2015,3,0,1,1,1,0,2,2
83369187,2015-06-19,Sexta,21:50:00,RN,101,96.4,NATAL,Falta de atenção,Colisão traseira,Com Vítimas Feridas,Plena noite,Crescente,Ignorada,Múltipla,Curva,Urbano,2015,3,0,2,1,0,0,3,2
83369256,2015-06-20,Sábado,03:40:00,RN,101,123.1,SAO JOSE DE MIPIBU,Dormindo,Queda de motocicleta / bicicleta / veículo,Com Vítimas Feridas,Plena noite,Decrescente,Ceu Claro,Simples,Reta,Urbano,2015,1,0,1,0,0,0,1,1
83369294,2015-06-20,Sábado,07:20:00,RN,304,42.9,MOSSORO,Falta de atenção,Atropelamento de pessoa,Com Vítimas Feridas,Pleno dia,Crescente,Ceu Claro,Simples,Reta,Urbano,2015,2,0,1,0,1,0,1,1
83369298,2015-06-19,Sexta,06:15:00,RN,304,41.5,MOSSORO,Falta de atenção,Colisão lateral,Com Vítimas Feridas,Pleno dia,Decrescente,Sol,Dupla,Curva,Urbano,2015,2,0,1,0,1,0,1,2
83369305,2015-06-19,Sexta,00:10:00,RN,304,41.6,MOSSORO,Defeito mecânico em veículo,Tombamento,Com Vítimas Feridas,Plena noite,Decrescente,Ceu Claro,Dupla,Reta,Urbano,2015,1,0,1,0,0,0,1,1
83369351,2015-06-20,Sábado,10:37:00,RN,427,101.9,CAICO,Outras,Queda de motocicleta / bicicleta / veículo,Com Vítimas Feridas,Pleno dia,Decrescente,Ceu Claro,Simples,Curva,Urbano,2015,1,0,1,0,0,0,1,1
83369396,2015-06-20,Sábado,10:00:00,RN,226,334.9,PATU,Falta de atenção,Colisão frontal,Com Vítimas Feridas,Pleno dia,Decrescente,Sol,Simples,Reta,Rural,2015,5,0,4,0,1,0,4,2
83369436,2015-06-20,Sábado,14:20:00,RN,101,99.9,NATAL,Não guardar distância de segurança,Colisão traseira,Com Vítimas Feridas,Pleno dia,Crescente,Sol,Dupla,Cruzamento,Urbano,2015,3,0,2,0,1,0,2,2
83369518,2015-06-20,Sábado,21:20:00,RN,101,83.0,SAO GONCALO DO AMARANTE,Não guardar distância de segurança,Colisão traseira,Sem Vítimas,Plena noite,Crescente,Chuva,Dupla,Curva,Urbano,2015,3,0,0,0,3,0,0,3
83369521,2015-06-19,Sexta,17:30:00,RN,101,96.9,NATAL,Falta de atenção,Colisão lateral,Sem Vítimas,Anoitecer,Crescente,Ceu Claro,Dupla,Reta,Urbano,2015,2,0,0,0,2,0,0,2
83369546,2015-06-20,Sábado,22:55:00,RN,304,34.0,MOSSORO,Ingestão de álcool,Colisão lateral,Sem Vítimas,Plena noite,Crescente,Ceu Claro,Dupla,Cruzamento,Urbano,2015,2,0,0,0,1,1,0,2
83369589,2015-06-20,Sábado,14:40:00,RN,226,3.9,NATAL,Falta de atenção,Colisão Transversal,Com Vítimas Feridas,Pleno dia,Crescente,Ceu Claro,Simples,Reta,Urbano,2015,3,0,1,0,2,0,1,2
83369594,2015-06-16,Terça,17:40:00,RN,101,109.0,PARNAMIRIM,Outras,Colisão traseira,Com Vítimas Feridas,Anoitecer,Crescente,Ceu Claro,Múltipla,Reta,Urbano,2015,2,0,1,0,1,0,1,2
83369754,2015-06-21,Domingo,17:30:00,RN,101,113.8,SAO JOSE DE MIPIBU,Não guardar distância de segurança,Colisão lateral,Com Vítimas Feridas,Anoitecer,Decrescente,Ceu Claro,Dupla,Reta,Urbano,2015,2,0,0,1,0,1,1,2
83369803,2015-06-21,Domingo,17:20:00,RN,304,78.6,MOSSORO,Não guardar distância de segurança,Colisão traseira,Sem Vítimas,Anoitecer,Decrescente,Nublado,Simples,Reta,Rural,2015,2,0,0,0,2,0,0,2
83369844,2015-06-21,Domingo,17:30:00,RN,405,111.5,ITAU,Outras,Colisão Transversal,Com Vítimas Feridas,Anoitecer,Crescente,Ceu Claro,Simples,Reta,Rural,2015,2,0,2,0,0,0,2,2
83369853,2015-06-21,Domingo,20:30:00,RN,427,27.3,ACARI,Outras,Colisão traseira,Com Vítimas Feridas,Plena noite,Decrescente,Ceu Claro,Simples,Reta,Urbano,2015,2,0,0,1,1,0,1,2
83369920,2015-06-18,Quinta,08:05:00,RN,406,154.4,CEARA-MIRIM,Falta de atenção,Colisão traseira,Com Vítimas Feridas,Pleno dia,Crescente,Ceu Claro,Simples,Reta,Rural,2015,2,0,1,0,1,0,1,2
83370030,2015-06-18,Quinta,08:15:00,RN,101,99.9,NATAL,Não guardar distância de segurança,Colisão traseira,Sem Vítimas,Pleno dia,Crescente,Ceu Claro,Dupla,Reta,Urbano,2015,2,0,0,0,1,1,0,2
83370079,2015-06-22,Segunda,13:10:00,RN,226,3.1,NATAL,Ultrapassagem indevida,Colisão frontal,Sem Vítimas,Pleno dia,Crescente,Nevoeiro/neblina,Simples,Reta,Urbano,2015,2,0,0,0,1,1,0,2
83370092,2015-06-22,Segunda,14:05:00,RN,101,75.2,EXTREMOZ,Falta de atenção,Colisão traseira,Sem Vítimas,Pleno dia,Decrescente,Ceu Claro,Dupla,Cruzamento,Rural,2015,2,0,0,0,2,0,0,2
83370198,2015-06-22,Segunda,07:15:00,RN,101,107.0,PARNAMIRIM,Não guardar distância de segurança,Colisão traseira,Sem Vítimas,Pleno dia,Decrescente,Nublado,Dupla,Cruzamento,Urbano,2015,2,0,0,0,1,1,0,2
83370210,2015-06-21,Domingo,18:00:00,RN,226,99.0,SANTA CRUZ,Outras,Colisão Transversal,Sem Vítimas,Plena noite,Crescente,Ceu Claro,Simples,Reta,Rural,2015,4,0,0,0,3,1,0,4
83370211,2015-06-22,Segunda,12:34:00,RN,101,84.0,NATAL,Outras,Colisão traseira,Com Vítimas Feridas,Pleno dia,Crescente,Ceu Claro,Dupla,Reta,Urbano,2015,2,0,1,0,1,0,1,2
83370226,2015-06-22,Segunda,18:10:00,RN,406,160.5,CEARA-MIRIM,Falta de atenção,Colisão traseira,Com Vítimas Feridas,Anoitecer,Decrescente,Ceu Claro,Simples,Reta,Rural,2015,4,0,1,1,1,1,2,3
83370227,2015-06-22,Segunda,08:50:00,RN,110,47.2,MOSSORO,Não guardar distância de segurança,Colisão traseira,Sem Vítimas,Pleno dia,Crescente,Sol,Simples,Reta,Urbano,2015,2,0,0,0,2,0,0,2
83370234,2015-06-16,Terça,17:25:00,RN,101,94.2,NATAL,Não guardar distância de segurança,Colisão traseira,Sem Vítimas,Pleno dia,Crescente,Ceu Claro,Simples,Reta,Urbano,2015,2,0,0,0,2,0,0,2
83370274,2015-06-22,Segunda,14:00:00,RN,110,46.8,MOSSORO,Desobediência à sinalização,Colisão Transversal,Sem Vítimas,Pleno dia,Crescente,Ceu Claro,Simples,Reta,Urbano,2015,2,0,0,0,1,1,0,2
83370323,2015-06-19,Sexta,20:50:00,RN,101,96.6,NATAL,Falta de atenção,Colisão traseira,Sem Vítimas,Plena noite,Crescente,Ceu Claro,Múltipla,Curva,Urbano,2015,2,0,0,0,2,0,0,2
83370378,2015-06-20,Sábado,19:10:00,RN,101,97.7,NATAL,Falta de atenção,Colisão traseira,Sem Vítimas,Plena noite,Decrescente,Chuva,Dupla,Cruzamento,Urbano,2015,2,0,0,0,2,0,0,2
83370387,2015-06-23,Terça,07:05:00,RN,101,102.0,PARNAMIRIM,Não guardar distância de segurança,Colisão traseira,Sem Vítimas,Pleno dia,Decrescente,Chuva,Dupla,Reta,Urbano,2015,3,0,0,0,2,1,0,3
83370415,2015-06-12,Sexta,19:40:00,RN,101,108.0,PARNAMIRIM,Falta de atenção,Queda de motocicleta / bicicleta / veículo,Sem Vítimas,Plena noite,Decrescente,Chuva,Dupla,Reta,Urbano,2015,1,0,0,0,1,0,0,1
83370422,2015-06-22,Segunda,21:20:00,RN,304,273.0,SAO PEDRO,Dormindo,Capotamento,Com Vítimas Feridas,Plena noite,Crescente,Ceu Claro,Simples,Reta,Rural,2015,1,0,0,1,0,0,1,1
83370435,2015-06-23,Terça,11:48:00,RN,405,1.4,MOSSORO,Falta de atenção,Colisão traseira,Sem Vítimas,Pleno dia,Crescente,Nublado,Dupla,Reta,Urbano,2015,2,0,0,0,2,0,0,2
83370485,2015-06-23,Terça,13:59:00,RN,101,130.0,SAO JOSE DE MIPIBU,Defeito mecânico em veículo,Colisão com objeto fixo,Sem Vítimas,Pleno dia,Decrescente,Chuva,Dupla,Curva,Rural,2015,1,0,0,0,1,0,0,1
83370522,2015-06-08,Segunda,06:20:00,RN,101,82.1,NATAL,Outras,Atropelamento de pessoa,Com Vítimas Feridas,Pleno dia,Crescente,Sol,Dupla,Reta,Urbano,2015,2,0,0,1,1,0,1,1
83370555,2015-06-11,Quinta,16:50:00,RN,406,149.4,CEARA-MIRIM,Falta de atenção,Colisão Transversal,Sem Vítimas,Pleno dia,Crescente,Sol,Simples,Reta,Urbano,2015,2,0,0,0,2,0,0,2
83370568,2015-06-23,Terça,17:00:00,RN,101,96.4,NATAL,Não guardar distância de segurança,Colisão traseira,Sem Vítimas,Pleno dia,Crescente,Nublado,Múltipla,Reta,Urbano,2015,2,0,0,0,2,0,0,2
83370575,2015-06-19,Sexta,12:30:00,RN,406,167.8,SAO GONCALO DO AMARANTE,Falta de atenção,Colisão Transversal,Sem Vítimas,Pleno dia,Decrescente,Sol,Dupla,Reta,Urbano,2015,2,0,0,0,1,1,0,2
83370604,2015-06-23,Terça,12:30:00,RN,101,116.4,SAO JOSE DE MIPIBU,Outras,Colisão com objeto fixo,Sem Vítimas,Pleno dia,Crescente,Chuva,Dupla,Reta,Rural,2015,2,0,0,0,2,0,0,2
83370614,2015-06-23,Terça,13:50:00,RN,406,116.0,TAIPU,Defeito na via,Colisão traseira,Sem Vítimas,Pleno dia,Crescente,Chuva,Simples,Reta,Rural,2015,2,0,0,0,2,0,0,2