id,data_inversa,dia_semana,horario,uf,br,km,municipio,causa_acidente,tipo_acidente,classificacao_acidente,fase_dia,sentido_via,condicao_metereologica,tipo_pista,tracado_via,uso_solo,ano,pessoas,mortos,feridos_leves,feridos_graves,ilesos,ignorados,feridos,veiculos
83375927,2015-07-10,Sexta,18:40:00,RN,110,49.5,MOSSORO,Não guardar distância de segurança,Colisão traseira,Com Vítimas Feridas,Plena noite,Crescente,Ceu Claro,Dupla,Reta,Urbano,2015,2,0,0,1,1,0,1,2
83375932,2015-07-10,Sexta,09:30:00,RN,406,154.6,CEARA-MIRIM,Defeito mecânico em veículo,Saída de Pista,Com Vítimas Feridas,Pleno dia,Decrescente,Ceu Claro,Simples,Reta,Rural,2015,1,0,1,0,0,0,1,1
83375963,2015-07-10,Sexta,20:10:00,RN,304,47.8,MOSSORO,Outras,Colisão lateral,Com Vítimas Feridas,Plena noite,Crescente,Ceu Claro,Simples,Reta,Urbano,2015,3,0,2,0,1,0,2,2
83376041,2015-07-11,Sábado,06:30:00,RN,226,1.2,NATAL,Ingestão de álcool,Colisão frontal,Sem Vítimas,Pleno dia,Crescente,Ceu Claro,Dupla,Reta,Urbano,2015,2,0,0,0,2,0,0,2
83376162,2015-07-11,Sábado,06:25:00,RN,110,46.1,MOSSORO,Ingestão de álcool,Colisão Transversal,Com Vítimas Feridas,Plena noite,Decrescente,Ceu Claro,Simples,Cruzamento,Urbano,2015,2,0,1,0,1,0,1,2
83376186,2015-07-11,Sábado,20:10:00,RN,304,44.5,MOSSORO,Falta de atenção,Colisão com bicicleta,Com Vítimas Feridas,Plena noite,Crescente,Ceu Claro,Simples,Reta,Urbano,2015,2,0,1,1,0,0,2,2
83376253,2015-07-12,Domingo,00:05:00,RN,101,99.1,NATAL,Velocidade incompatível,Colisão traseira,Com Vítimas Feridas,Plena noite,Crescente,Ceu Claro,Dupla,Reta,Urbano,2015,5,0,1,0,4,0,1,2
83376350,2015-07-09,Quinta,04:00:00,RN,304,38.7,MOSSORO,Ingestão de álcool,Saída de Pista,Com Vítimas Feridas,Plena noite,Crescente,Ceu Claro,Dupla,Reta,Urbano,2015,2,0,1,1,0,0,2,1
83376545,2015-07-12,Domingo,20:10:00,RN,110,49.8,MOSSORO,Outras,Queda de motocicleta / bicicleta / veículo,Com Vítimas Feridas,Plena noite,Crescente,Ceu Claro,Simples,Reta,Urbano,2015,1,0,1,0,0,0,1,1
83376603,2015-07-13,Segunda,07:30:00,RN,406,169.1,SAO GONCALO DO AMARANTE,Falta de atenção,Colisão Transversal,Com Vítimas Feridas,Pleno dia,Crescente,Ceu Claro,Simples,Reta,Urbano,2015,2,0,0,1,1,0,1,2
83376610,2015-07-13,Segunda,08:15:00,RN,406,168.0,SAO GONCALO DO AMARANTE,Falta de atenção,Colisão Transversal,Com Vítimas Feridas,Pleno dia,Crescente,Ceu Claro,Simples,Reta,Urbano,2015,3,0,2,0,1,0,2,2
83376712,2015-07-13,Segunda,10:30:00,RN,101,102.9,PARNAMIRIM,Não guardar distância de segurança,Colisão lateral,Sem Vítimas,Pleno dia,Crescente,Ceu Claro,Dupla,Reta,Urbano,2015,2,0,0,0,2,0,0,2
83376730,2015-07-13,Segunda,12:30:00,RN,101,159.9,CANGUARETAMA,Outras,Capotamento,Com Vítimas Feridas,Pleno dia,Crescente,Ceu Claro,Dupla,Reta,Urbano,2015,2,0,1,0,1,0,1,2
83376842,2015-07-10,Sexta,13:35:00,RN,304,301.0,MACAIBA,Velocidade incompatível,Capotamento,Sem Vítimas,Pleno dia,Decrescente,Ceu Claro,Dupla,Reta,Urbano,2015,1,0,0,0,1,0,0,1
83376861,2015-05-27,Quarta,18:02:00,RN,304,47.3,MOSSORO,Falta de atenção,Colisão traseira,Com Vítimas Feridas,Pleno dia,Crescente,Ceu Claro,Dupla,Reta,Urbano,2015,2,0,1,0,1,0,1,2
83376888,2015-07-14,Terça,08:25:00,RN,101,98.8,NATAL,Não guardar distância de segurança,Colisão traseira,Sem Vítimas,Pleno dia,Decrescente,Sol,Dupla,Reta,Urbano,2015,5,0,0,0,5,0,0,5
83376891,2015-07-14,Terça,10:30:00,RN,101,97.8,NATAL,Outras,Atropelamento de pessoa,Com Vítimas Feridas,Pleno dia,Decrescente,Sol,Dupla,Reta,Urbano,2015,2,0,0,1,1,0,1,1
83377111,2015-07-14,Terça,20:50:00,RN,304,154.5,ANGICOS,Ingestão de álcool,Colisão frontal,Com Vítimas Fatais,Plena noite,Decrescente,Ceu Claro,Simples,Reta,Rural,2015,2,1,0,0,1,0,0,2
83377196,2015-04-06,Segunda,22:43:00,RN,304,32.7,MOSSORO,Animais na Pista,Atropelamento de animal,Com Vítimas Feridas,Plena noite,Decrescente,Ceu Claro,Dupla,Reta,Urbano,2015,1,0,1,0,0,0,1,1
83377199,2015-07-15,Quarta,09:30:00,RN,226,1.0,NATAL,Ultrapassagem indevida,Colisão lateral,Sem Vítimas,Pleno dia,Crescente,Ceu Claro,Simples,Reta,Urbano,2015,3,0,0,0,2,1,0,2
83377230,2015-06-18,Quinta,17:00:00,RN,101,96.5,NATAL,Falta de atenção,Colisão traseira,Sem Vítimas,Anoitecer,Crescente,Ceu Claro,Dupla,Reta,Urbano,2015,2,0,0,0,2,0,0,2
83377298,2015-07-15,Quarta,12:40:00,RN,101,103.8,PARNAMIRIM,Outras,Colisão traseira,Com Vítimas Feridas,Pleno dia,Crescente,Ceu Claro,Dupla,Reta,Urbano,2015,3,0,1,1,1,0,2,2
83377363,2015-07-12,Domingo,02:00:00,RN,304,35.0,MOSSORO,Ingestão de álcool,Colisão Transversal,Com Vítimas Feridas,Plena noite,Decrescente,Ceu Claro,Simples,Curva,Urbano,2015,2,0,0,1,0,1,1,2
83377407,2015-07-16,Quinta,06:30:00,RN,427,0.9,CURRAIS NOVOS,Não guardar distância de segurança,Colisão traseira,Sem Vítimas,Pleno dia,Decrescente,Chuva,Simples,Reta,Urbano,2015,2,0,0,0,2,0,0,2
83377424,2015-07-12,Domingo,18:30:00,RN,304,48.4,MOSSORO,Outras,Queda de motocicleta / bicicleta / veículo,Com Vítimas Feridas,Plena noite,Decrescente,Ceu Claro,Simples,Cruzamento,Urbano,2015,2,0,0,1,0,1,1,1
83377428,2015-06-04,Quinta,07:00:00,RN,405,3.8,MOSSORO,Falta de atenção,Atropelamento de pessoa,Com Vítimas Fatais,Pleno dia,Crescente,Ceu Claro,Simples,Reta,Urbano,2015,2,1,0,0,1,0,0,1
83377522,2015-07-16,Quinta,14:30:00,RN,101,99.9,NATAL,Falta de atenção,Colisão lateral,Sem Vítimas,Pleno dia,Decrescente,Nublado,Múltipla,Cruzamento,Urbano,2015,2,0,0,0,2,0,0,2
83377531,2015-07-16,Quinta,09:30:00,RN,101,114.7,SAO JOSE DE MIPIBU,Outras,Colisão lateral,Com Vítimas Feridas,Pleno dia,Crescente,Ceu Claro,Dupla,Reta,Rural,2015,2,0,1,0,1,0,1,2
83377587,2015-07-16,Quinta,12:40:00,RN,101,101.9,PARNAMIRIM,Falta de atenção,Colisão traseira,Com Vítimas Feridas,Pleno dia,Crescente,Nublado,Dupla,Reta,Urbano,2015,2,0,1,0,1,0,1,2
83377704,2015-07-16,Quinta,06:00:00,RN,110,45.4,MOSSORO,Falta de atenção,Colisão Transversal,Sem Vítimas,Pleno dia,Decrescente,Chuva,Simples,Reta,Urbano,2015,2,0,0,0,2,0,0,2
83377705,2015-07-16,Quinta,17:15:00,RN,304,44.8,MOSSORO,Outras,Tombamento,Sem Vítimas,Pleno dia,Decrescente,Chuva,Dupla,Reta,Urbano,2015,1,0,0,0,1,0,0,1
83377752,2015-07-17,Sexta,06:00:00,RN,101,103.0,PARNAMIRIM,Falta de atenção,Colisão traseira,Com Vítimas Feridas,Plena noite,Decrescente,Chuva,Dupla,Reta,Urbano,2015,2,0,1,0,1,0,1,2
83377773,2015-07-14,Terça,14:30:00,RN,101,106.0,PARNAMIRIM,Desobediência à sinalização,Colisão lateral,Com Vítimas Feridas,Pleno dia,Decrescente,Ceu Claro,Dupla,Reta,Urbano,2015,2,0,1,0,0,1,1,2
83377776,2015-07-17,Sexta,05:50:00,RN,101,174.3,CANGUARETAMA,Outras,Saída de Pista,Sem Vítimas,Pleno dia,Crescente,Chuva,Dupla,Reta,Rural,2015,1,0,0,0,1,0,0,1
83377788,2015-07-17,Sexta,11:00:00,RN,304,31.0,MOSSORO,Falta de atenção,Colisão traseira,Com Vítimas Feridas,Pleno dia,Decrescente,Nublado,Simples,Reta,Urbano,2015,2,0,1,0,0,1,1,2
83377933,2015-07-17,Sexta,22:00:00,RN,101,99.9,NATAL,Não guardar distância de segurança,Colisão traseira,Sem Vítimas,Plena noite,Crescente,Chuva,Dupla,Cruzamento,Urbano,2015,2,0,0,0,2,0,0,2
83378099,2015-07-18,Sábado,09:34:00,RN,101,96.7,NATAL,Não guardar distância de segurança,Colisão traseira,Sem Vítimas,Pleno dia,Crescente,Ceu Claro,Múltipla,Reta,Urbano,2015,3,0,0,0,3,0,0,3
83378134,2015-07-18,Sábado,15:50:00,RN,110,80.0,UPANEMA,Animais na Pista,Queda de motocicleta / bicicleta / veículo,Com Vítimas Fatais,Pleno dia,Decrescente,Sol,Simples,Reta,Rural,2015,1,1,0,0,0,0,0,1
83378253,2015-07-17,Sexta,18:50:00,RN,226,2.0,NATAL,Ingestão de álcool,Colisão com objeto móvel,Com Vítimas Feridas,Plena noite,Crescente,Ceu Claro,Simples,Reta,Urbano,2015,2,0,1,0,1,0,1,2
83378274,2015-07-19,Domingo,05:20:00,RN,101,100.0,NATAL,Animais na Pista,Atropelamento de animal,Com Vítimas Feridas,Amanhecer,Crescente,Chuva,Dupla,Reta,Urbano,2015,2,0,1,1,0,0,2,1
83378385,2015-07-18,Sábado,22:30:00,RN,427,55.0,JARDIM DO SERIDO,Outras,Queda de motocicleta / bicicleta / veículo,Com Vítimas Feridas,Plena noite,Decrescente,Ceu Claro,Simples,Curva,Urbano,2015,1,0,0,1,0,0,1,1
83378453,2015-07-19,Domingo,17:20:00,RN,304,24.0,MOSSORO,Falta de atenção,Saída de Pista,Com Vítimas Feridas,Pleno dia,Crescente,Nublado,Dupla,Curva,Rural,2015,2,0,1,0,1,0,1,1
83378494,2015-07-19,Domingo,23:00:00,RN,101,104.3,PARNAMIRIM,Falta de atenção,Colisão traseira,Com Vítimas Feridas,Plena noite,Crescente,Chuva,Múltipla,Cruzamento,Urbano,2015,2,0,1,0,1,0,1,2
83378542,2015-07-19,Domingo,19:00:00,RN,405,73.9,APODI,Outras,Colisão frontal,Com Vítimas Fatais,Plena noite,Crescente,Ceu Claro,Simples,Reta,Rural,2015,2,1,0,0,1,0,0,2
83378606,2015-07-18,Sábado,12:50:00,RN,405,164.2,RAFAEL FERNANDES,Falta de atenção,Colisão Transversal,Com Vítimas Fatais,Pleno dia,Decrescente,Sol,Simples,Cruzamento,Rural,2015,3,1,0,0,2,0,0,2
83378630,2015-07-20,Segunda,05:00:00,RN,226,303.7,JANDUIS,Animais na Pista,Atropelamento de animal,Sem Vítimas,Amanhecer,Decrescente,Ceu Claro,Simples,Reta,Rural,2015,1,0,0,0,1,0,0,1
83378647,2015-07-20,Segunda,08:00:00,RN,101,97.0,NATAL,Outras,Colisão lateral,Com Vítimas Feridas,Pleno dia,Decrescente,Chuva,Dupla,Reta,Urbano,2015,2,0,1,0,1,0,1,2
83378684,2015-07-20,Segunda,13:40:00,RN,101,107.0,PARNAMIRIM,Falta de atenção,Colisão Transversal,Sem Vítimas,Pleno dia,Crescente,Sol,Múltipla,Reta,Urbano,2015,2,0,0,0,2,0,0,2
83378764,2015-07-20,Segunda,18:10:00,RN,110,48.3,MOSSORO,Outras,Colisão traseira,Com Vítimas Feridas,Plena noite,Decrescente,Ceu Claro,Dupla,Reta,Urbano,2015,2,0,1,0,0,1,1,2
83378801,2015-07-20,Segunda,18:10:00,RN,101,112.0,PARNAMIRIM,Outras,Saída de Pista,Sem Vítimas,Plena noite,Crescente,Nublado,Dupla,Reta,Urbano,2015,1,0,0,0,1,0,0,1
83378817,2015-07-20,Segunda,20:00:00,RN,110,48.0,MOSSORO,Falta de atenção,Colisão Transversal,Com Vítimas Feridas,Plena noite,Decrescente,Ceu Claro,Simples,Reta,Urbano,2015,2,0,0,1,1,0,1,2
83378835,2015-07-20,Segunda,19:00:00,RN,101,112.0,PARNAMIRIM,Falta de atenção,Colisão traseira,Com Vítimas Feridas,Plena noite,Crescente,Nublado,Dupla,Reta,Rural,2015,2,0,0,1,1,0,1,2
83378917,2015-07-20,Segunda,16:20:00,RN,101,142.7,ARES,Outras,Colisão traseira,Com Vítimas Feridas,Pleno dia,Decrescente,Nublado,Dupla,Reta,Rural,2015,3,0,1,0,2,0,1,3
83378974,2015-07-18,Sábado,00:20:00,RN,226,167.0,CURRAIS NOVOS,Animais na Pista,Atropelamento de animal,Com Vítimas Feridas,Plena noite,Crescente,Ceu Claro,Simples,Reta,Rural,2015,1,0,0,1,0,0,1,1
83379056,2015-07-21,Terça,07:00:00,RN,304,166.7,ANGICOS,Outras,Incêndio,Sem Vítimas,Pleno dia,Crescente,Ceu Claro,Simples,Reta,Rural,2015,1,0,0,0,1,0,0,1
83379205,2015-07-10,Sexta,07:20:00,RN,101,104.0,PARNAMIRIM,Falta de atenção,Colisão lateral,Com Vítimas Feridas,Pleno dia,Decrescente,Ceu Claro,Dupla,Reta,Urbano,2015,2,0,1,0,1,0,1,2
83379230,2015-07-22,Quarta,07:30:00,RN,304,38.4,MOSSORO,Falta de atenção,Colisão lateral,Com Vítimas Feridas,Pleno dia,Crescente,Ceu Claro,Dupla,Reta,Urbano,2015,2,0,1,0,1,0,1,2
83379238,2015-06-20,Sábado,07:30:00,RN,110,49.0,MOSSORO,Outras,Colisão com bicicleta,Com Vítimas Feridas,Pleno dia,Decrescente,Ignorada,Dupla,Reta,Urbano,2015,2,0,0,1,0,1,1,2
83379347,2015-07-19,Domingo,12:30:00,RN,304,160.0,FERNANDO PEDROZA,Falta de atenção,Colisão traseira,Sem Vítimas,Pleno dia,Decrescente,Ceu Claro,Simples,Reta,Urbano,2015,2,0,0,0,2,0,0,2
83379361,2015-07-22,Quarta,06:50:00,RN,304,119.2,ITAJA,Desobediência à sinalização,Colisão Transversal,Com Vítimas Fatais,Pleno dia,Decrescente,Sol,Simples,Cruzamento,Rural,2015,3,1,0,1,1,0,1,2
83379599,2015-07-23,Quinta,12:00:00,RN,101,108.2,PARNAMIRIM,Desobediência à sinalização,Colisão Transversal,Sem Vítimas,Pleno dia,Crescente,Ceu Claro,Dupla,Reta,Urbano,2015,2,0,0,0,1,1,0,2
83379777,2015-07-23,Quinta,06:10:00,RN,226,75.0,TANGARA,Dormindo,Colisão Transversal,Sem Vítimas,Amanhecer,Decrescente,Ceu Claro,Simples,Reta,Rural,2015,2,0,0,0,2,0,0,2
83379793,2015-07-24,Sexta,04:50:00,RN,304,78.4,MOSSORO,Animais na Pista,Atropelamento de animal,Com Vítimas Feridas,Amanhecer,Crescente,Ignorada,Simples,Reta,Rural,2015,2,0,2,0,0,0,2,1
83379794,2015-07-24,Sexta,05:20:00,RN,101,107.3,PARNAMIRIM,Falta de atenção,Colisão traseira,Com Vítimas Feridas,Amanhecer,Decrescente,Ceu Claro,Dupla,Reta,Urbano,2015,3,0,1,0,2,0,1,2
83379798,2015-07-20,Segunda,11:58:00,RN,101,83.2,SAO GONCALO DO AMARANTE,Falta de atenção,Colisão traseira,Sem Vítimas,Pleno dia,Crescente,Ceu Claro,Dupla,Reta,Urbano,2015,2,0,0,0,2,0,0,2
83379985,2015-07-24,Sexta,15:00:00,RN,101,103.4,PARNAMIRIM,Outras,Colisão traseira,Com Vítimas Feridas,Pleno dia,Crescente,Ceu Claro,Dupla,Reta,Urbano,2015,2,0,1,0,0,1,1,2
83380026,2015-07-24,Sexta,22:00:00,RN,304,39.9,MOSSORO,Animais na Pista,Atropelamento de animal,Com Vítimas Feridas,Plena noite,Decrescente,Ceu Claro,Dupla,Reta,Urbano,2015,1,0,0,1,0,0,1,1
83380055,2015-07-25,Sábado,00:20:00,RN,101,120.0,SAO JOSE DE MIPIBU,Velocidade incompatível,Capotamento,Sem Vítimas,Plena noite,Crescente,Ceu Claro,Dupla,Reta,Rural,2015,1,0,0,0,1,0,0,1
83380060,2015-07-19,Domingo,18:15:00,RN,110,48.6,MOSSORO,Ingestão de álcool,Saída de Pista,Com Vítimas Feridas,Plena noite,Crescente,Ceu Claro,Dupla,Reta,Urbano,2015,1,0,1,0,0,0,1,1
83380061,2015-07-24,Sexta,18:00:00,RN,110,50.1,MOSSORO,Falta de atenção,Colisão traseira,Com Vítimas Feridas,Plena noite,Decrescente,Ceu Claro,Dupla,Reta,Urbano,2015,2,0,1,0,1,0,1,2
83380074,2015-07-25,Sábado,03:02:00,RN,101,107.0,PARNAMIRIM,Desobediência à sinalização,Colisão Transversal,Com Vítimas Feridas,Plena noite,Crescente,Ceu Claro,Dupla,Reta,Urbano,2015,2,0,1,0,1,0,1,2
83380093,2015-07-24,Sexta,18:10:00,RN,101,103.0,PARNAMIRIM,Desobediência à sinalização,Atropelamento de pessoa,Com Vítimas Feridas,Plena noite,Decrescente,Ceu Claro,Dupla,Reta,Urbano,2015,2,0,2,0,0,0,2,1
83380294,2015-07-25,Sábado,12:10:00,RN,101,105.0,PARNAMIRIM,Falta de atenção,Colisão lateral,Com Vítimas Feridas,Pleno dia,Crescente,Ceu Claro,Dupla,Reta,Urbano,2015,2,0,2,0,0,0,2,2
83380310,2015-07-25,Sábado,16:30:00,RN,304,223.3,CAICARA DO RIO DO VENTO,Desobediência à sinalização,Colisão frontal,Com Vítimas Feridas,Pleno dia,Crescente,Ceu Claro,Simples,Reta,Rural,2015,5,0,5,0,0,0,5,2
83380348,2015-07-26,Domingo,00:10:00,RN,101,112.0,SAO JOSE DE MIPIBU,Animais na Pista,Atropelamento de animal,Com Vítimas Feridas,Plena noite,Decrescente,Ceu Claro,Dupla,Reta,Rural,2015,2,0,2,0,0,0,2,1
83380370,2015-07-26,Domingo,04:52:00,RN,101,78.8,NATAL,Outras,Atropelamento de pessoa,Com Vítimas Feridas,Amanhecer,Decrescente,Ceu Claro,Dupla,Reta,Urbano,2015,2,0,0,1,1,0,1,1
83380388,2015-07-26,Domingo,06:25:00,RN,101,80.6,SAO GONCALO DO AMARANTE,Ingestão de álcool,Tombamento,Com Vítimas Feridas,Pleno dia,Crescente,Sol,Dupla,Reta,Urbano,2015,2,0,1,1,0,0,2,1
83380513,2015-07-26,Domingo,07:40:00,RN,226,38.6,MACAIBA,Desobediência à sinalização,Colisão com bicicleta,Com Vítimas Feridas,Pleno dia,Decrescente,Ceu Claro,Simples,Reta,Rural,2015,2,0,1,0,1,0,1,2
83380546,2015-07-26,Domingo,16:00:00,RN,406,168.0,SAO GONCALO DO AMARANTE,Defeito mecânico em veículo,Colisão frontal,Com Vítimas Feridas,Pleno dia,Crescente,Ceu Claro,Simples,Reta,Urbano,2015,9,0,4,3,2,0,7,4
83380660,2015-07-27,Segunda,05:00:00,RN,304,37.5,MOSSORO,Ingestão de álcool,Atropelamento de pessoa,Com Vítimas Feridas,Amanhecer,Crescente,Ceu Claro,Dupla,Reta,Urbano,2015,3,0,0,1,1,1,1,1
83380699,2015-07-27,Segunda,07:40:00,RN,101,80.0,SAO GONCALO DO AMARANTE,Desobediência à sinalização,Atropelamento de pessoa,Com Vítimas Feridas,Pleno dia,Crescente,Chuva,Dupla,Reta,Urbano,2015,2,0,1,0,1,0,1,1
83380716,2015-07-27,Segunda,10:25:00,RN,304,295.0,MACAIBA,Falta de atenção,Colisão lateral,Sem Vítimas,Pleno dia,Crescente,Nublado,Múltipla,Reta,Rural,2015,2,0,0,0,2,0,0,2
83380747,2015-03-23,Segunda,08:00:00,RN,226,43.8,BOM JESUS,Ultrapassagem indevida,Colisão frontal,Com Vítimas Fatais,Pleno dia,Decrescente,Ceu Claro,Simples,Reta,Rural,2015,5,2,1,2,0,0,3,2
83380748,2015-07-25,Sábado,11:20:00,RN,304,34.5,MOSSORO,Falta de atenção,Colisão Transversal,Sem Vítimas,Pleno dia,Crescente,Sol,Dupla,Cruzamento,Urbano,2015,6,0,0,0,6,0,0,2
83380794,2015-07-27,Segunda,14:50:00,RN,101,83.8,SAO GONCALO DO AMARANTE,Falta de atenção,Colisão traseira,Com Vítimas Feridas,Pleno dia,Crescente,Sol,Dupla,Reta,Urbano,2015,2,0,1,0,1,0,1,2
83380829,2015-07-27,Segunda,13:00:00,RN,101,124.7,SAO JOSE DE MIPIBU,Não guardar distância de segurança,Colisão traseira,Com Vítimas Feridas,Pleno dia,Crescente,Ceu Claro,Dupla,Cruzamento,Urbano,2015,2,0,1,0,1,0,1,2
83380967,2015-07-26,Domingo,22:10:00,RN,226,163.3,CURRAIS NOVOS,Outras,Queda de motocicleta / bicicleta / veículo,Com Vítimas Fatais,Plena noite,Decrescente,Nublado,Simples,Reta,Rural,2015,2,1,1,0,0,0,1,2
83380981,2015-07-25,Sábado,18:20:00,RN,304,106.5,ASSU,Falta de atenção,Colisão traseira,Sem Vítimas,Plena noite,Decrescente,Ceu Claro,Simples,Reta,Urbano,2015,3,0,0,0,3,0,0,2
83381028,2015-07-26,Domingo,01:10:00,RN,405,161.0,PAU DOS FERROS,Outras,Queda de motocicleta / bicicleta / veículo,Com Vítimas Feridas,Plena noite,Crescente,Ceu Claro,Simples,Reta,Urbano,2015,2,0,0,1,0,1,1,2
83381043,2015-07-22,Quarta,22:45:00,RN,101,94.6,NATAL,Ingestão de álcool,Atropelamento de pessoa,Com Vítimas Feridas,Plena noite,Decrescente,Chuva,Múltipla,Reta,Urbano,2015,2,0,1,0,0,1,1,1
83381091,2015-07-23,Quinta,12:35:00,RN,101,83.2,SAO GONCALO DO AMARANTE,Não guardar distância de segurança,Colisão traseira,Sem Vítimas,Pleno dia,Crescente,Ceu Claro,Dupla,Reta,Urbano,2015,5,0,0,0,4,1,0,5
83381136,2015-07-28,Terça,11:50:00,RN,110,45.7,MOSSORO,Não guardar distância de segurança,Colisão traseira,Com Vítimas Feridas,Pleno dia,Decrescente,Sol,Simples,Reta,Urbano,2015,2,0,1,0,0,1,1,2
83381141,2015-07-28,Terça,18:30:00,RN,101,104.6,PARNAMIRIM,Outras,Queda de motocicleta / bicicleta / veículo,Com Vítimas Feridas,Plena noite,Decrescente,Nublado,Dupla,Reta,Urbano,2015,1,0,0,1,0,0,1,1
83381313,2015-07-29,Quarta,13:00:00,RN,304,46.9,MOSSORO,Ingestão de álcool,Colisão Transversal,Com Vítimas Feridas,Pleno dia,Decrescente,Ceu Claro,Dupla,Reta,Rural,2015,2,0,1,0,1,0,1,2
83381404,2015-07-29,Quarta,14:10:00,RN,304,23.1,MOSSORO,Defeito mecânico em veículo,Colisão Transversal,Com Vítimas Feridas,Pleno dia,Crescente,Sol,Simples,Reta,Rural,2015,2,0,1,0,1,0,1,2
83381507,2015-07-26,Domingo,11:50:00,RN,101,96.0,NATAL,Outras,Queda de motocicleta / bicicleta / veículo,Com Vítimas Feridas,Pleno dia,Crescente,Sol,Dupla,Reta,Urbano,2015,2,0,0,1,0,1,1,2
83381561,2015-07-30,Quinta,13:30:00,RN,101,83.0,SAO GONCALO DO AMARANTE,Não guardar distância de segurança,Colisão traseira,Sem Vítimas,Pleno dia,Crescente,Ceu Claro,Dupla,Reta,Urbano,2015,3,0,0,0,2,1,0,3
83381595,2015-03-13,Sexta,12:40:00,RN,304,92.9,ASSU,Ultrapassagem indevida,Colisão frontal,Com Vítimas Fatais,Pleno dia,Decrescente,Ceu Claro,Simples,Reta,Rural,2015,4,1,3,0,0,0,3,2
83381609,2015-07-30,Quinta,17:20:00,RN,101,113.0,SAO JOSE DE MIPIBU,Falta de atenção,Colisão Transversal,Com Vítimas Feridas,Anoitecer,Crescente,Ceu Claro,Dupla,Reta,Rural,2015,3,0,2,0,1,0,2,2
83381611,2015-07-30,Quinta,13:00:00,RN,101,96.0,NATAL,Falta de atenção,Colisão lateral,Com Vítimas Feridas,Pleno dia,Decrescente,Sol,Dupla,Cruzamento,Urbano,2015,2,0,0,1,1,0,1,2
83381807,2015-07-29,Quarta,07:15:00,RN,110,48.0,MOSSORO,Falta de atenção,Colisão Transversal,Com Vítimas Feridas,Pleno dia,Decrescente,Ceu Claro,Simples,Reta,Urbano,2015,2,0,2,0,0,0,2,2
83381830,2015-07-31,Sexta,11:50:00,RN,101,83.4,SAO GONCALO DO AMARANTE,Não guardar distância de segurança,Colisão lateral,Sem Vítimas,Pleno dia,Crescente,Sol,Dupla,Reta,Urbano,2015,2,0,0,0,2,0,0,2
83381876,2015-06-25,Quinta,17:50:00,RN,110,47.0,MOSSORO,Falta de atenção,Colisão Transversal,Com Vítimas Feridas,Anoitecer,Decrescente,Ignorada,Simples,Reta,Urbano,2015,2,0,1,0,0,1,1,2
83381881,2015-07-31,Sexta,15:00:00,RN,101,104.4,PARNAMIRIM,Outras,Colisão lateral,Com Vítimas Feridas,Pleno dia,Decrescente,Ceu Claro,Dupla,Reta,Urbano,2015,2,0,1,0,1,0,1,2
83381947,2015-07-28,Terça,19:15:00,RN,226,88.0,TANGARA,Ingestão de álcool,Colisão frontal,Com Vítimas Feridas,Plena noite,Crescente,Ceu Claro,Simples,Reta,Rural,2015,2,0,2,0,0,0,2,2
83381994,2015-07-31,Sexta,22:50:00,RN,101,105.0,PARNAMIRIM,Ingestão de álcool,Colisão traseira,Sem Vítimas,Plena noite,Decrescente,Ceu Claro,Dupla,Reta,Urbano,2015,2,0,0,0,2,0,0,2
83381996,2015-07-31,Sexta,19:00:00,RN,101,99.0,NATAL,Ingestão de álcool,Colisão traseira,Com Vítimas Feridas,Plena noite,Crescente,Ceu Claro,Dupla,Reta,Urbano,2015,4,0,1,0,3,0,1,3
83382032,2015-07-31,Sexta,15:15:00,RN,101,106.8,PARNAMIRIM,Falta de atenção,Colisão traseira,Com Vítimas Feridas,Pleno dia,Crescente,Nublado,Dupla,Reta,Urbano,2015,2,0,1,0,1,0,1,2
83382072,2015-08-01,Sábado,06:20:00,RN,304,120.2,ITAJA,Defeito mecânico em veículo,Colisão traseira,Sem Vítimas,Pleno dia,Crescente,Sol,Simples,Reta,Rural,2015,3,0,0,0,3,0,0,3
83382108,2015-07-30,Quinta,06:40:00,RN,405,3.5,MOSSORO,Animais na Pista,Atropelamento de animal,Com Vítimas Feridas,Pleno dia,Decrescente,Sol,Simples,Reta,Urbano,2015,2,0,2,0,0,0,2,1
83382118,2015-08-01,Sábado,07:40:00,RN,427,101.6,CAICO,Ingestão de álcool,Colisão traseira,Com Vítimas Feridas,Pleno dia,Crescente,Ceu Claro,Simples,Reta,Urbano,2015,2,0,0,1,1,0,1,2
83382164,2015-08-01,Sábado,14:20:00,RN,304,47.9,MOSSORO,Falta de atenção,Colisão lateral,Com Vítimas Feridas,Pleno dia,Crescente,Ceu Claro,Dupla,Curva,Urbano,2015,3,0,2,0,0,1,2,2
83382256,2015-08-01,Sábado,15:59:00,RN,101,60.0,CEARA-MIRIM,Outras,Saída de Pista,Com Vítimas Feridas,Pleno dia,Crescente,Ceu Claro,Simples,Reta,Rural,2015,1,0,1,0,0,0,1,1