id,data_inversa,dia_semana,horario,uf,br,km,municipio,causa_acidente,tipo_acidente,classificacao_acidente,fase_dia,sentido_via,condicao_metereologica,tipo_pista,tracado_via,uso_solo,ano,pessoas,mortos,feridos_leves,feridos_graves,ilesos,ignorados,feridos,veiculos
83389574,2015-08-25,Terça,16:25:00,RN,101,95.4,NATAL,Outras,Colisão traseira,Com Vítimas Feridas,Pleno dia,Crescente,Ceu Claro,Múltipla,Reta,Urbano,2015,3,0,1,1,1,0,2,2
83389634,2015-08-28,Sexta,08:00:00,RN,101,97.7,NATAL,Falta de atenção,Atropelamento de pessoa,Com Vítimas Feridas,Pleno dia,Decrescente,Sol,Dupla,Reta,Urbano,2015,2,0,0,1,1,0,1,1
83389687,2015-08-28,Sexta,13:10:00,RN,101,97.5,NATAL,Não guardar distância de segurança,Colisão traseira,Sem Vítimas,Pleno dia,Decrescente,Ceu Claro,Dupla,Reta,Urbano,2015,4,0,0,0,4,0,0,4
83389723,2015-08-28,Sexta,07:30:00,RN,101,110.8,PARNAMIRIM,Não guardar distância de segurança,Colisão traseira,Com Vítimas Feridas,Pleno dia,Decrescente,Ceu Claro,Dupla,Reta,Rural,2015,2,0,1,0,1,0,1,2
83389801,2015-08-28,Sexta,12:40:00,RN,110,49.8,MOSSORO,Desobediência à sinalização,Colisão traseira,Com Vítimas Feridas,Pleno dia,Decrescente,Ceu Claro,Dupla,Reta,Urbano,2015,2,0,1,0,0,1,1,2
83389845,2015-08-26,Quarta,05:50:00,RN,101,161.0,CANGUARETAMA,Outras,Colisão com objeto fixo,Com Vítimas Feridas,Amanhecer,Crescente,Ceu Claro,Dupla,Reta,Urbano,2015,1,0,0,1,0,0,1,1
83389889,2015-08-29,Sábado,08:19:00,RN,406,103.9,JOAO CAMARA,Outras,Atropelamento de pessoa,Com Vítimas Fatais,Pleno dia,Decrescente,Ceu Claro,Simples,Reta,Urbano,2015,2,1,0,0,0,1,0,1
83389892,2015-08-29,Sábado,13:01:00,RN,406,167.0,SAO GONCALO DO AMARANTE,Falta de atenção,Colisão frontal,Com Vítimas Feridas,Pleno dia,Decrescente,Ceu Claro,Simples,Reta,Urbano,2015,2,0,1,0,1,0,1,2
83389919,2015-08-29,Sábado,10:40:00,RN,101,164.9,CANGUARETAMA,Defeito mecânico em veículo,Capotamento,Sem Vítimas,Pleno dia,Decrescente,Ceu Claro,Dupla,Reta,Rural,2015,1,0,0,0,1,0,0,1
83389983,2015-08-18,Terça,15:25:00,RN,101,98.0,NATAL,Outras,Colisão lateral,Com Vítimas Feridas,Pleno dia,Decrescente,Sol,Dupla,Reta,Urbano,2015,3,0,2,0,1,0,2,2
83389993,2015-08-29,Sábado,18:50:00,RN,427,101.8,CAICO,Outras,Colisão Transversal,Com Vítimas Feridas,Plena noite,Crescente,Ceu Claro,Simples,Reta,Urbano,2015,2,0,0,1,0,1,1,2
83390046,2015-08-29,Sábado,14:05:00,RN,304,78.5,MOSSORO,Falta de atenção,Tombamento,Com Vítimas Feridas,Plena noite,Crescente,Sol,Simples,Reta,Rural,2015,2,0,1,0,1,0,1,1
83390111,2015-08-26,Quarta,22:40:00,RN,101,76.0,NATAL,Animais na Pista,Atropelamento de animal,Com Vítimas Feridas,Pleno dia,Decrescente,Ceu Claro,Dupla,Reta,Rural,2015,2,0,0,2,0,0,2,1
83390180,2015-08-30,Domingo,14:30:00,RN,405,5.0,MOSSORO,Ingestão de álcool,Queda de motocicleta / bicicleta / veículo,Com Vítimas Feridas,Pleno dia,Decrescente,Ceu Claro,Simples,Reta,Urbano,2015,1,0,1,0,0,0,1,1
83390225,2015-08-30,Domingo,12:05:00,RN,304,48.5,MOSSORO,Outras,Colisão Transversal,Com Vítimas Feridas,Pleno dia,Crescente,Sol,Simples,Reta,Urbano,2015,3,0,1,1,1,0,2,2
83390289,2015-08-30,Domingo,18:45:00,RN,101,95.4,NATAL,Ingestão de álcool,Colisão com objeto fixo,Sem Vítimas,Plena noite,Decrescente,Ignorada,Múltipla,Reta,Urbano,2015,1,0,0,0,1,0,0,1
83390335,2015-08-30,Domingo,22:40:00,RN,101,121.5,SAO JOSE DE MIPIBU,Outras,Capotamento,Com Vítimas Feridas,Plena noite,Crescente,Ceu Claro,Dupla,Reta,Rural,2015,3,0,3,0,0,0,3,1
83390338,2015-08-31,Segunda,04:40:00,RN,304,303.2,MACAIBA,Animais na Pista,Atropelamento de animal,Sem Vítimas,Amanhecer,Decrescente,Ceu Claro,Múltipla,Reta,Urbano,2015,1,0,0,0,1,0,0,1
83390379,2015-08-31,Segunda,08:00:00,RN,101,102.7,PARNAMIRIM,Não guardar distância de segurança,Colisão traseira,Com Vítimas Feridas,Pleno dia,Crescente,Sol,Dupla,Reta,Urbano,2015,2,0,1,0,1,0,1,2
83390447,2015-08-31,Segunda,11:35:00,RN,304,36.0,MOSSORO,Falta de atenção,Colisão lateral,Com Vítimas Feridas,Pleno dia,Decrescente,Sol,Dupla,Reta,Urbano,2015,3,0,0,2,1,0,2,2
83390463,2015-08-31,Segunda,10:17:00,RN,304,34.3,MOSSORO,Outras,Colisão traseira,Sem Vítimas,Pleno dia,Crescente,Ceu Claro,Simples,Reta,Urbano,2015,2,0,0,0,2,0,0,2
83390565,2015-08-31,Segunda,17:40:00,RN,304,283.0,MACAIBA,Falta de atenção,Colisão Transversal,Com Vítimas Feridas,Anoitecer,Decrescente,Ceu Claro,Simples,Reta,Rural,2015,2,0,0,1,1,0,1,2
83390924,2015-08-29,Sábado,23:55:00,RN,406,154.8,CEARA-MIRIM,Não guardar distância de segurança,Colisão traseira,Com Vítimas Feridas,Plena noite,Crescente,Ceu Claro,Simples,Reta,Rural,2015,3,0,2,0,1,0,2,2
83390932,2015-08-25,Terça,18:00:00,RN,427,6.9,CURRAIS NOVOS,Outras,Queda de motocicleta / bicicleta / veículo,Com Vítimas Feridas,Plena noite,Decrescente,Ceu Claro,Simples,Curva,Rural,2015,1,0,0,1,0,0,1,1
83391014,2015-09-02,Quarta,09:45:00,RN,110,48.0,MOSSORO,Outras,Colisão Transversal,Sem Vítimas,Pleno dia,Crescente,Sol,Simples,Reta,Urbano,2015,2,0,0,0,2,0,0,2
83391080,2015-09-02,Quarta,15:30:00,RN,405,129.2,TABOLEIRO GRANDE,Falta de atenção,Colisão Transversal,Com Vítimas Fatais,Pleno dia,Crescente,Sol,Simples,Reta,Rural,2015,3,1,0,1,0,1,1,2
83391143,2015-09-02,Quarta,13:10:00,RN,110,46.5,MOSSORO,Falta de atenção,Colisão Transversal,Com Vítimas Feridas,Pleno dia,Decrescente,Ceu Claro,Simples,Reta,Urbano,2015,3,0,2,0,1,0,2,2
83391247,2015-08-30,Domingo,16:30:00,RN,406,99.0,JOAO CAMARA,Falta de atenção,Colisão Transversal,Com Vítimas Feridas,Pleno dia,Crescente,Ceu Claro,Simples,Cruzamento,Urbano,2015,2,0,1,0,1,0,1,2
83391279,2015-09-03,Quinta,14:00:00,RN,304,301.6,MACAIBA,Dormindo,Capotamento,Com Vítimas Feridas,Pleno dia,Decrescente,Ceu Claro,Dupla,Reta,Urbano,2015,2,0,0,1,1,0,1,2
83391291,2015-09-03,Quinta,14:00:00,RN,427,53.9,JARDIM DO SERIDO,Falta de atenção,Colisão Transversal,Sem Vítimas,Pleno dia,Decrescente,Sol,Simples,Cruzamento,Urbano,2015,2,0,0,0,2,0,0,2
83391435,2015-09-03,Quinta,22:00:00,RN,406,13.5,MACAU,Defeito na via,Capotamento,Com Vítimas Fatais,Plena noite,Decrescente,Ceu Claro,Simples,Reta,Rural,2015,4,2,1,1,0,0,2,1
83391590,2015-09-04,Sexta,14:45:00,RN,101,77.3,NATAL,Outras,Colisão com objeto fixo,Com Vítimas Feridas,Pleno dia,Decrescente,Ceu Claro,Dupla,Reta,Urbano,2015,3,0,1,1,0,1,2,2
83391677,2015-09-04,Sexta,19:00:00,RN,406,120.5,POCO BRANCO,Outras,Capotamento,Sem Vítimas,Plena noite,Crescente,Ceu Claro,Simples,Reta,Rural,2015,2,0,0,0,2,0,0,1
83391737,2015-09-04,Sexta,23:10:00,RN,304,24.6,MOSSORO,Outras,Saída de Pista,Com Vítimas Feridas,Plena noite,Crescente,Ceu Claro,Simples,Curva,Rural,2015,4,0,2,0,2,0,2,1
83391882,2015-09-05,Sábado,09:15:00,RN,110,48.2,MOSSORO,Desobediência à sinalização,Colisão lateral,Sem Vítimas,Pleno dia,Decrescente,Ceu Claro,Simples,Reta,Urbano,2015,2,0,0,0,2,0,0,2
83391979,2015-09-05,Sábado,17:50:00,RN,101,100.1,PARNAMIRIM,Outras,Queda de motocicleta / bicicleta / veículo,Com Vítimas Feridas,Anoitecer,Decrescente,Ceu Claro,Dupla,Reta,Urbano,2015,1,0,1,0,0,0,1,1
83392004,2015-09-05,Sábado,14:10:00,RN,304,300.1,MACAIBA,Outras,Capotamento,Com Vítimas Feridas,Pleno dia,Decrescente,Ceu Claro,Dupla,Reta,Urbano,2015,5,0,5,0,0,0,5,1
83392175,2015-09-02,Quarta,11:40:00,RN,226,4.0,NATAL,Ingestão de álcool,Colisão Transversal,Sem Vítimas,Pleno dia,Crescente,Sol,Simples,Curva,Urbano,2015,2,0,0,0,2,0,0,2
83392177,2015-09-02,Quarta,11:05:00,RN,226,75.7,TANGARA,Outras,Colisão Transversal,Com Vítimas Feridas,Pleno dia,Crescente,Sol,Simples,Reta,Rural,2015,2,0,1,0,1,0,1,2
83392240,2015-09-02,Quarta,22:20:00,RN,304,299.0,MACAIBA,Velocidade incompatível,Colisão traseira,Com Vítimas Feridas,Plena noite,Decrescente,Ceu Claro,Dupla,Reta,Urbano,2015,2,0,0,2,0,0,2,2
83392294,2015-09-06,Domingo,14:20:00,RN,406,155.0,CEARA-MIRIM,Outras,Saída de Pista,Com Vítimas Fatais,Pleno dia,Decrescente,Ceu Claro,Simples,Reta,Rural,2015,1,1,0,0,0,0,0,1
83392350,2015-09-02,Quarta,16:45:00,RN,304,306.7,PARNAMIRIM,Outras,Atropelamento de pessoa,Com Vítimas Feridas,Pleno dia,Decrescente,Ceu Claro,Dupla,Reta,Urbano,2015,2,0,2,0,0,0,2,1
83392362,2015-09-06,Domingo,21:15:00,RN,304,24.6,MOSSORO,Ingestão de álcool,Capotamento,Ignorado,Plena noite,Crescente,Ceu Claro,Dupla,Curva,Rural,2015,1,0,0,0,0,1,0,1
83392391,2015-09-06,Domingo,11:10:00,RN,304,113.9,ASSU,Falta de atenção,Saída de Pista,Com Vítimas Feridas,Pleno dia,Crescente,Ceu Claro,Simples,Cruzamento,Urbano,2015,1,0,0,1,0,0,1,1
83392432,2015-09-07,Segunda,02:09:00,RN,406,98.0,JOAO CAMARA,Animais na Pista,Atropelamento de animal,Com Vítimas Fatais,Plena noite,Crescente,Ceu Claro,Simples,Reta,Rural,2015,2,1,0,1,0,0,1,1
83392460,2015-09-04,Sexta,10:30:00,RN,304,297.0,MACAIBA,Falta de atenção,Colisão Transversal,Com Vítimas Feridas,Pleno dia,Crescente,Ceu Claro,Simples,Reta,Rural,2015,2,0,2,0,0,0,2,2
83392498,2015-09-06,Domingo,17:30:00,RN,406,164.0,SAO GONCALO DO AMARANTE,Não guardar distância de segurança,Colisão traseira,Com Vítimas Feridas,Anoitecer,Crescente,Ceu Claro,Simples,Reta,Rural,2015,3,0,1,0,2,0,1,2
83392629,2015-09-07,Segunda,14:00:00,RN,226,0.7,NATAL,Ingestão de álcool,Colisão frontal,Com Vítimas Feridas,Pleno dia,Crescente,Ceu Claro,Dupla,Reta,Urbano,2015,2,0,0,1,1,0,1,2
83392638,2015-09-04,Sexta,06:05:00,RN,101,97.5,NATAL,Falta de atenção,Colisão traseira,Com Vítimas Feridas,Pleno dia,Decrescente,Sol,Dupla,Reta,Urbano,2015,2,0,0,1,1,0,1,2
83393022,2015-09-08,Terça,15:50:00,RN,406,162.0,CEARA-MIRIM,Falta de atenção,Colisão traseira,Sem Vítimas,Pleno dia,Decrescente,Ceu Claro,Simples,Reta,Urbano,2015,2,0,0,0,2,0,0,2
83393033,2015-08-15,Sábado,21:40:00,RN,406,148.1,CEARA-MIRIM,Outras,Colisão Transversal,Com Vítimas Feridas,Plena noite,Decrescente,Ceu Claro,Simples,Reta,Urbano,2015,2,0,0,1,1,0,1,2
83393091,2015-09-08,Terça,17:00:00,RN,226,1.1,NATAL,Desobediência à sinalização,Colisão frontal,Com Vítimas Feridas,Anoitecer,Crescente,Chuva,Simples,Reta,Urbano,2015,5,0,3,0,2,0,3,2
83393208,2015-09-05,Sábado,21:25:00,RN,101,107.0,PARNAMIRIM,Ingestão de álcool,Colisão traseira,Sem Vítimas,Plena noite,Decrescente,Ceu Claro,Dupla,Reta,Urbano,2015,2,0,0,0,1,1,0,2
83393225,2015-09-08,Terça,21:00:00,RN,304,24.0,MOSSORO,Defeito na via,Saída de Pista,Sem Vítimas,Plena noite,Crescente,Ceu Claro,Dupla,Cruzamento,Rural,2015,1,0,0,0,1,0,0,1
83393251,2015-09-09,Quarta,07:30:00,RN,101,94.4,NATAL,Falta de atenção,Queda de motocicleta / bicicleta / veículo,Com Vítimas Feridas,Pleno dia,Decrescente,Nublado,Dupla,Reta,Urbano,2015,1,0,1,0,0,0,1,1
83393284,2015-09-09,Quarta,11:45:00,RN,427,99.2,CAICO,Falta de atenção,Colisão traseira,Com Vítimas Feridas,Pleno dia,Decrescente,Ceu Claro,Simples,Reta,Urbano,2015,2,0,0,1,1,0,1,2
83393294,2015-09-09,Quarta,09:30:00,RN,101,106.1,PARNAMIRIM,Não guardar distância de segurança,Colisão lateral,Com Vítimas Feridas,Pleno dia,Decrescente,Ceu Claro,Dupla,Reta,Urbano,2015,2,0,1,0,1,0,1,2
83393304,2015-09-09,Quarta,09:00:00,RN,226,2.0,NATAL,Não guardar distância de segurança,Colisão traseira,Sem Vítimas,Pleno dia,Crescente,Sol,Dupla,Reta,Urbano,2015,2,0,0,0,2,0,0,2
83393305,2015-08-28,Sexta,20:00:00,RN,101,148.5,GOIANINHA,Outras,Colisão com objeto fixo,Com Vítimas Feridas,Plena noite,Crescente,Ceu Claro,Simples,Curva,Urbano,2015,2,0,2,0,0,0,2,1
83393326,2015-09-09,Quarta,08:45:00,RN,101,98.7,NATAL,Falta de atenção,Colisão traseira,Com Vítimas Feridas,Pleno dia,Crescente,Ceu Claro,Dupla,Reta,Urbano,2015,2,0,0,1,1,0,1,2
83393374,2015-09-07,Segunda,14:50:00,RN,304,55.6,MOSSORO,Outras,Saída de Pista,Com Vítimas Feridas,Pleno dia,Crescente,Ceu Claro,Simples,Reta,Rural,2015,1,0,1,0,0,0,1,1
83393388,2015-09-09,Quarta,17:20:00,RN,226,175.0,CURRAIS NOVOS,Outras,Atropelamento de pessoa,Com Vítimas Feridas,Pleno dia,Crescente,Ceu Claro,Dupla,Reta,Urbano,2015,2,0,0,2,0,0,2,1
83393725,2015-09-10,Quinta,10:05:00,RN,304,41.3,MOSSORO,Outras,Colisão traseira,Com Vítimas Feridas,Pleno dia,Crescente,Sol,Dupla,Reta,Rural,2015,3,0,1,0,2,0,1,2
83393730,2015-09-10,Quinta,17:50:00,RN,101,82.5,SAO GONCALO DO AMARANTE,Não guardar distância de segurança,Colisão traseira,Com Vítimas Feridas,Anoitecer,Crescente,Ceu Claro,Dupla,Reta,Urbano,2015,2,0,1,0,1,0,1,2
83393823,2015-06-16,Terça,11:10:00,RN,226,109.3,SANTA CRUZ,Outras,Queda de motocicleta / bicicleta / veículo,Com Vítimas Feridas,Pleno dia,Decrescente,Ceu Claro,Simples,Reta,Urbano,2015,1,0,1,0,0,0,1,1
83393834,2015-08-30,Domingo,18:30:00,RN,406,167.0,SAO GONCALO DO AMARANTE,Ingestão de álcool,Colisão traseira,Sem Vítimas,Plena noite,Crescente,Vento,Simples,Reta,Rural,2015,2,0,0,0,2,0,0,2
83393908,2015-09-11,Sexta,11:15:00,RN,101,103.3,PARNAMIRIM,Não guardar distância de segurança,Colisão traseira,Sem Vítimas,Pleno dia,Crescente,Sol,Dupla,Cruzamento,Urbano,2015,2,0,0,0,2,0,0,2
83393974,2015-09-11,Sexta,13:55:00,RN,101,103.4,PARNAMIRIM,Não guardar distância de segurança,Colisão traseira,Com Vítimas Feridas,Pleno dia,Crescente,Sol,Dupla,Reta,Urbano,2015,3,0,1,0,1,1,1,3
83393997,2015-09-07,Segunda,23:00:00,RN,101,84.9,NATAL,Falta de atenção,Colisão traseira,Com Vítimas Feridas,Pleno dia,Crescente,Ceu Claro,Dupla,Curva,Urbano,2015,3,0,0,2,1,0,2,2
83394043,2015-09-11,Sexta,20:40:00,RN,101,82.7,NATAL,Falta de atenção,Atropelamento de pessoa,Com Vítimas Feridas,Plena noite,Decrescente,Vento,Dupla,Reta,Urbano,2015,2,0,2,0,0,0,2,1
83394114,2015-09-12,Sábado,04:45:00,RN,406,148.0,CEARA-MIRIM,Ingestão de álcool,Saída de Pista,Com Vítimas Feridas,Amanhecer,Crescente,Ceu Claro,Simples,Reta,Rural,2015,2,0,2,0,0,0,2,1
83394180,2015-09-12,Sábado,09:50:00,RN,101,83.2,NATAL,Outras,Queda de motocicleta / bicicleta / veículo,Com Vítimas Feridas,Pleno dia,Decrescente,Ceu Claro,Dupla,Reta,Urbano,2015,2,0,2,0,0,0,2,1
83394222,2015-09-12,Sábado,10:10:00,RN,226,109.2,SANTA CRUZ,Desobediência à sinalização,Colisão Transversal,Com Vítimas Feridas,Pleno dia,Crescente,Ceu Claro,Simples,Reta,Urbano,2015,3,0,0,3,0,0,3,2
83394265,2015-09-12,Sábado,13:40:00,RN,101,74.0,EXTREMOZ,Outras,Colisão com objeto fixo,Com Vítimas Feridas,Pleno dia,Decrescente,Ceu Claro,Simples,Reta,Urbano,2015,2,0,0,2,0,0,2,1
83394287,2015-09-12,Sábado,15:15:00,RN,304,196.2,LAJES,Dormindo,Colisão lateral,Com Vítimas Feridas,Pleno dia,Crescente,Ceu Claro,Simples,Reta,Rural,2015,3,0,1,1,1,0,2,2
83394373,2015-09-12,Sábado,21:10:00,RN,304,46.7,MOSSORO,Outras,Atropelamento de pessoa,Com Vítimas Feridas,Plena noite,Decrescente,Ceu Claro,Dupla,Reta,Urbano,2015,2,0,0,1,1,0,1,1
83394459,2015-09-13,Domingo,07:40:00,RN,110,53.7,MOSSORO,Outras,Saída de Pista,Sem Vítimas,Pleno dia,Decrescente,Ceu Claro,Simples,Reta,Rural,2015,2,0,0,0,1,1,0,2
83394597,2015-09-13,Domingo,17:10:00,RN,304,24.0,MOSSORO,Outras,Saída de Pista,Sem Vítimas,Pleno dia,Crescente,Ceu Claro,Dupla,Curva,Rural,2015,1,0,0,0,1,0,0,1
83394775,2015-09-14,Segunda,07:45:00,RN,101,104.4,PARNAMIRIM,Defeito mecânico em veículo,Colisão com objeto fixo,Com Vítimas Feridas,Pleno dia,Decrescente,Sol,Dupla,Curva,Urbano,2015,2,0,2,0,0,0,2,1
83394776,2015-09-14,Segunda,12:01:00,RN,304,35.5,MOSSORO,Falta de atenção,Colisão lateral,Com Vítimas Feridas,Pleno dia,Crescente,Sol,Simples,Curva,Urbano,2015,2,0,1,0,1,0,1,2
83394780,2015-09-10,Quinta,17:10:00,RN,101,97.5,NATAL,Falta de atenção,Colisão traseira,Sem Vítimas,Pleno dia,Crescente,Ceu Claro,Múltipla,Reta,Urbano,2015,2,0,0,0,2,0,0,2
83394782,2015-09-14,Segunda,12:15:00,RN,101,108.0,PARNAMIRIM,Desobediência à sinalização,Colisão Transversal,Com Vítimas Feridas,Pleno dia,Decrescente,Sol,Dupla,Cruzamento,Urbano,2015,2,0,0,1,0,1,1,2
83394816,2015-09-14,Segunda,10:25:00,RN,101,109.8,PARNAMIRIM,Falta de atenção,Colisão com bicicleta,Com Vítimas Feridas,Pleno dia,Decrescente,Sol,Dupla,Reta,Urbano,2015,2,0,1,0,1,0,1,2
83394912,2015-09-14,Segunda,18:30:00,RN,304,237.0,RIACHUELO,Outras,Saída de Pista,Sem Vítimas,Plena noite,Decrescente,Ceu Claro,Simples,Reta,Rural,2015,1,0,0,0,1,0,0,1
83395073,2015-09-15,Terça,13:00:00,RN,226,36.0,MACAIBA,Falta de atenção,Saída de Pista,Com Vítimas Feridas,Pleno dia,Decrescente,Ceu Claro,Simples,Reta,Rural,2015,2,0,1,1,0,0,2,1
83395086,2015-09-15,Terça,13:40:00,RN,101,100.6,PARNAMIRIM,Outras,Tombamento,Com Vítimas Feridas,Pleno dia,Decrescente,Ceu Claro,Múltipla,Curva,Urbano,2015,1,0,1,0,0,0,1,1
83395105,2015-09-15,Terça,07:40:00,RN,101,99.0,NATAL,Outras,Atropelamento de pessoa,Com Vítimas Feridas,Pleno dia,Decrescente,Ceu Claro,Dupla,Reta,Urbano,2015,2,0,1,0,1,0,1,1
83395114,2015-09-15,Terça,08:00:00,RN,101,107.5,PARNAMIRIM,Outras,Queda de motocicleta / bicicleta / veículo,Com Vítimas Feridas,Pleno dia,Decrescente,Ceu Claro,Dupla,Reta,Urbano,2015,1,0,1,0,0,0,1,1
83395209,2015-09-16,Quarta,07:00:00,RN,406,161.6,CEARA-MIRIM,Falta de atenção,Atropelamento de pessoa,Com Vítimas Feridas,Pleno dia,Crescente,Ceu Claro,Simples,Reta,Urbano,2015,3,0,2,0,0,1,2,1
83395241,2015-09-04,Sexta,14:50:00,RN,304,250.7,SANTA MARIA,Falta de atenção,Colisão Transversal,Com Vítimas Fatais,Pleno dia,Crescente,Ceu Claro,Simples,Reta,Rural,2015,3,3,0,0,0,0,0,2
83395268,2015-09-13,Domingo,06:00:00,RN,427,105.0,CAICO,Não guardar distância de segurança,Colisão lateral,Com Vítimas Feridas,Pleno dia,Decrescente,Ceu Claro,Simples,Reta,Rural,2015,2,0,1,0,0,1,1,2
83395277,2015-09-12,Sábado,18:45:00,RN,304,298.5,MACAIBA,Defeito mecânico em veículo,Atropelamento de animal,Com Vítimas Feridas,Plena noite,Decrescente,Ceu Claro,Dupla,Reta,Rural,2015,2,0,2,0,0,0,2,1
83395328,2015-09-10,Quinta,18:00:00,RN,101,101.5,PARNAMIRIM,Ingestão de álcool,Colisão traseira,Sem Vítimas,Anoitecer,Decrescente,Ceu Claro,Dupla,Reta,Urbano,2015,3,0,0,0,3,0,0,3
83395334,2015-09-16,Quarta,17:00:00,RN,101,97.5,NATAL,Falta de atenção,Colisão traseira,Sem Vítimas,Pleno dia,Crescente,Ceu Claro,Dupla,Reta,Urbano,2015,2,0,0,0,2,0,0,2
83395342,2015-05-12,Terça,10:05:00,RN,101,99.9,NATAL,Outras,Colisão lateral,Sem Vítimas,Plena noite,Crescente,Ceu Claro,Dupla,Curva,Urbano,2015,2,0,0,0,2,0,0,2
83395377,2015-09-07,Segunda,18:30:00,RN,101,82.7,NATAL,Falta de atenção,Colisão Transversal,Com Vítimas Feridas,Plena noite,Decrescente,Ceu Claro,Dupla,Reta,Urbano,2015,2,0,0,1,0,1,1,2
83395388,2015-09-16,Quarta,18:40:00,RN,304,39.4,MOSSORO,Ingestão de álcool,Saída de Pista,Com Vítimas Feridas,Plena noite,Decrescente,Ceu Claro,Dupla,Curva,Urbano,2015,1,0,1,0,0,0,1,1
83395455,2015-09-15,Terça,11:00:00,RN,406,168.0,SAO GONCALO DO AMARANTE,Outras,Colisão Transversal,Com Vítimas Feridas,Pleno dia,Crescente,Ceu Claro,Simples,Reta,Urbano,2015,2,0,0,1,1,0,1,2
83395475,2015-09-17,Quinta,08:30:00,RN,101,105.4,PARNAMIRIM,Outras,Atropelamento de pessoa,Com Vítimas Feridas,Pleno dia,Decrescente,Ceu Claro,Dupla,Reta,Urbano,2015,2,0,0,1,0,1,1,1
83395527,2015-06-23,Terça,18:10:00,RN,110,47.1,MOSSORO,Falta de atenção,Colisão traseira,Com Vítimas Feridas,Plena noite,Crescente,Nublado,Simples,Reta,Urbano,2015,4,0,1,0,3,0,1,3
83395533,2015-07-04,Sábado,12:20:00,RN,110,47.9,MOSSORO,Falta de atenção,Colisão Transversal,Com Vítimas Feridas,Pleno dia,Crescente,Ceu Claro,Simples,Reta,Urbano,2015,2,0,0,1,0,1,1,2
83395537,2015-09-13,Domingo,17:20:00,RN,226,3.0,NATAL,Ingestão de álcool,Colisão frontal,Sem Vítimas,Anoitecer,Decrescente,Ceu Claro,Simples,Reta,Urbano,2015,2,0,0,0,1,1,0,2
83395548,2015-09-17,Quinta,08:40:00,RN,101,100.0,PARNAMIRIM,Outras,Colisão lateral,Sem Vítimas,Pleno dia,Decrescente,Ceu Claro,Múltipla,Curva,Urbano,2015,2,0,0,0,2,0,0,2
83395557,2015-09-17,Quinta,12:00:00,RN,101,107.0,PARNAMIRIM,Falta de atenção,Colisão lateral,Sem Vítimas,Pleno dia,Decrescente,Ceu Claro,Dupla,Reta,Urbano,2015,2,0,0,0,2,0,0,2
83395567,2015-09-17,Quinta,16:30:00,RN,101,158.4,CANGUARETAMA,Falta de atenção,Colisão Transversal,Com Vítimas Feridas,Pleno dia,Decrescente,Ceu Claro,Dupla,Reta,Urbano,2015,3,0,1,0,2,0,1,2
83395575,2015-09-17,Quinta,15:20:00,RN,427,100.1,CAICO,Desobediência à sinalização,Colisão lateral,Com Vítimas Feridas,Pleno dia,Crescente,Ceu Claro,Simples,Cruzamento,Urbano,2015,3,0,1,0,2,0,1,3
83395675,2015-08-26,Quarta,16:45:00,RN,304,305.8,MACAIBA,Falta de atenção,Saída de Pista,Sem Vítimas,Anoitecer,Decrescente,Ceu Claro,Dupla,Reta,Rural,2015,2,0,0,0,2,0,0,1
83395684,2015-09-17,Quinta,18:10:00,RN,304,300.0,MACAIBA,Outras,Colisão Transversal,Com Vítimas Fatais,Plena noite,Decrescente,Ceu Claro,Dupla,Reta,Urbano,2015,3,1,0,1,0,1,1,2
83395717,2015-09-14,Segunda,12:20:00,RN,304,258.5,SANTA MARIA,Outras,Tombamento,Com Vítimas Feridas,Pleno dia,Crescente,Ceu Claro,Simples,Reta,Urbano,2015,3,0,2,0,1,0,2,2
83395724,2015-09-06,Domingo,19:30:00,RN,304,221.8,CAICARA DO RIO DO VENTO,Outras,Capotamento,Com Vítimas Feridas,Plena noite,Crescente,Ceu Claro,Simples,Reta,Rural,2015,3,0,3,0,0,0,3,1
83395750,2015-09-18,Sexta,07:00:00,RN,101,124.5,SAO JOSE DE MIPIBU,Desobediência à sinalização,Colisão Transversal,Com Vítimas Feridas,Pleno dia,Crescente,Sol,Dupla,Curva,Urbano,2015,2,0,1,0,1,0,1,2
83395783,2015-09-15,Terça,10:20:00,RN,405,157.6,PAU DOS FERROS,Outras,Saída de Pista,Com Vítimas Feridas,Pleno dia,Decrescente,Ceu Claro,Simples,Reta,Rural,2015,1,0,0,1,0,0,1,1
83395853,2015-09-18,Sexta,17:00:00,RN,304,297.6,MACAIBA,Outras,Colisão traseira,Com Vítimas Feridas,Pleno dia,Crescente,Ceu Claro,Dupla,Cruzamento,Urbano,2015,2,0,1,0,1,0,1,2
83395856,2015-09-18,Sexta,15:15:00,RN,304,305.4,PARNAMIRIM,Falta de atenção,Colisão Transversal,Com Vítimas Feridas,Pleno dia,Decrescente,Ceu Claro,Dupla,Reta,Urbano,2015,4,0,0,2,2,0,2,2
83395971,2015-09-19,Sábado,00:20:00,RN,101,97.0,NATAL,Outras,Atropelamento de pessoa,Com Vítimas Feridas,Plena noite,Crescente,Nublado,Dupla,Reta,Urbano,2015,2,0,0,2,0,0,2,1