id,data_inversa,dia_semana,horario,uf,br,km,municipio,causa_acidente,tipo_acidente,classificacao_acidente,fase_dia,sentido_via,condicao_metereologica,tipo_pista,tracado_via,uso_solo,ano,pessoas,mortos,feridos_leves,feridos_graves,ilesos,ignorados,feridos,veiculos
83396009,2015-09-18,Sexta,22:15:00,RN,405,165.8,RAFAEL FERNANDES,Outras,Colisão frontal,Com Vítimas Fatais,Plena noite,Decrescente,Ceu Claro,Simples,Reta,Rural,2015,2,1,0,1,0,0,1,2
83396013,2015-09-18,Sexta,19:15:00,RN,101,99.9,PARNAMIRIM,Ingestão de álcool,Colisão Transversal,Com Vítimas Feridas,Plena noite,Decrescente,Ceu Claro,Múltipla,Reta,Urbano,2015,2,0,1,0,1,0,1,2
83396020,2015-09-19,Sábado,06:00:00,RN,101,147.6,GOIANINHA,Não guardar distância de segurança,Colisão traseira,Com Vítimas Feridas,Pleno dia,Crescente,Nublado,Dupla,Cruzamento,Urbano,2015,2,0,1,0,1,0,1,2
83396097,2015-09-18,Sexta,06:00:00,RN,406,171.0,SAO GONCALO DO AMARANTE,Desobediência à sinalização,Colisão frontal,Com Vítimas Feridas,Pleno dia,Crescente,Ceu Claro,Simples,Reta,Urbano,2015,2,0,1,0,1,0,1,2
83396254,2015-09-17,Quinta,11:55:00,RN,406,164.2,SAO GONCALO DO AMARANTE,Outras,Colisão lateral,Com Vítimas Feridas,Pleno dia,Crescente,Ceu Claro,Simples,Curva,Rural,2015,4,0,3,0,1,0,3,2
83396384,2015-09-18,Sexta,22:50:00,RN,405,154.5,PAU DOS FERROS,Outras,Colisão frontal,Com Vítimas Feridas,Plena noite,Decrescente,Ceu Claro,Simples,Reta,Urbano,2015,2,0,1,0,0,1,1,2
83396489,2015-08-16,Domingo,00:30:00,RN,226,69.2,SERRA CAIADA,Outras,Colisão frontal,Com Vítimas Fatais,Plena noite,Crescente,Ceu Claro,Simples,Reta,Rural,2015,3,2,0,1,0,0,1,2
83396547,2015-09-21,Segunda,06:50:00,RN,110,45.6,MOSSORO,Falta de atenção,Colisão frontal,Com Vítimas Feridas,Pleno dia,Crescente,Ceu Claro,Simples,Reta,Urbano,2015,2,0,0,1,1,0,1,2
83396570,2015-07-24,Sexta,21:40:00,RN,406,47.2,GUAMARE,Outras,Capotamento,Com Vítimas Feridas,Plena noite,Decrescente,Ceu Claro,Simples,Reta,Rural,2015,2,0,0,1,1,0,1,1
83396649,2015-09-21,Segunda,07:10:00,RN,101,102.0,PARNAMIRIM,Falta de atenção,Colisão lateral,Com Vítimas Feridas,Pleno dia,Decrescente,Ceu Claro,Dupla,Reta,Urbano,2015,3,0,1,0,2,0,1,3
83396666,2015-09-21,Segunda,13:50:00,RN,405,0.5,MOSSORO,Outras,Colisão lateral,Com Vítimas Feridas,Pleno dia,Decrescente,Sol,Dupla,Cruzamento,Urbano,2015,2,0,1,0,1,0,1,2
83396749,2015-09-21,Segunda,20:05:00,RN,304,48.6,MOSSORO,Falta de atenção,Queda de motocicleta / bicicleta / veículo,Com Vítimas Feridas,Plena noite,Decrescente,Ceu Claro,Simples,Reta,Urbano,2015,2,0,2,0,0,0,2,1
83396883,2015-09-22,Terça,13:45:00,RN,110,44.8,MOSSORO,Outras,Colisão traseira,Com Vítimas Feridas,Pleno dia,Decrescente,Ceu Claro,Simples,Reta,Urbano,2015,4,0,4,0,0,0,4,2
83396992,2015-09-22,Terça,19:26:00,RN,406,169.0,SAO GONCALO DO AMARANTE,Falta de atenção,Atropelamento de pessoa,Com Vítimas Feridas,Plena noite,Decrescente,Ceu Claro,Simples,Reta,Urbano,2015,2,0,2,0,0,0,2,1
83397001,2015-09-22,Terça,17:56:00,RN,101,4.0,TOUROS,Ultrapassagem indevida,Colisão frontal,Com Vítimas Feridas,Anoitecer,Crescente,Ceu Claro,Simples,Reta,Rural,2015,2,0,0,1,1,0,1,2
83397021,2015-09-22,Terça,17:50:00,RN,101,96.4,NATAL,Não guardar distância de segurança,Colisão traseira,Sem Vítimas,Anoitecer,Crescente,Ceu Claro,Dupla,Reta,Urbano,2015,5,0,0,0,5,0,0,5
83397036,2015-09-22,Terça,19:10:00,RN,226,3.9,NATAL,Outras,Colisão Transversal,Com Vítimas Feridas,Plena noite,Crescente,Ceu Claro,Simples,Reta,Urbano,2015,2,0,1,0,1,0,1,2
83397104,2015-09-19,Sábado,04:30:00,RN,405,164.9,RAFAEL FERNANDES,Outras,Saída de Pista,Com Vítimas Feridas,Amanhecer,Decrescente,Ceu Claro,Simples,Reta,Rural,2015,1,0,0,1,0,0,1,1
83397219,2015-06-07,Domingo,00:10:00,RN,304,24.3,MOSSORO,Ingestão de álcool,Capotamento,Com Vítimas Feridas,Plena noite,Crescente,Ceu Claro,Simples,Curva,Rural,2015,4,0,3,1,0,0,4,1
83397279,2015-09-20,Domingo,14:00:00,RN,226,1.0,NATAL,Falta de atenção,Colisão frontal,Sem Vítimas,Pleno dia,Decrescente,Ceu Claro,Dupla,Reta,Urbano,2015,2,0,0,0,2,0,0,2
83397365,2015-09-24,Quinta,13:30:00,RN,226,127.4,CAMPO REDONDO,Defeito na via,Capotamento,Com Vítimas Feridas,Pleno dia,Decrescente,Ceu Claro,Simples,Reta,Rural,2015,1,0,1,0,0,0,1,1
83397384,2015-09-24,Quinta,14:15:00,RN,101,97.7,NATAL,Não guardar distância de segurança,Colisão traseira,Com Vítimas Feridas,Pleno dia,Decrescente,Ceu Claro,Simples,Reta,Urbano,2015,4,0,2,0,2,0,2,2
83397556,2015-07-05,Domingo,06:20:00,RN,405,28.2,GOVERNADOR DIX-SEPT ROSADO,Outras,Saída de Pista,Com Vítimas Feridas,Pleno dia,Decrescente,Ceu Claro,Simples,Reta,Rural,2015,3,0,2,0,1,0,2,1
83397561,2015-07-12,Domingo,18:30:00,RN,110,46.0,MOSSORO,Falta de atenção,Atropelamento de pessoa,Com Vítimas Feridas,Plena noite,Crescente,Ceu Claro,Simples,Reta,Urbano,2015,2,0,1,0,0,1,1,1
83397768,2015-09-21,Segunda,16:45:00,RN,304,300.4,MACAIBA,Defeito mecânico em veículo,Colisão lateral,Sem Vítimas,Pleno dia,Decrescente,Ceu Claro,Dupla,Reta,Urbano,2015,2,0,0,0,2,0,0,2
83397859,2015-09-14,Segunda,21:30:00,RN,101,77.0,NATAL,Ultrapassagem indevida,Colisão frontal,Sem Vítimas,Plena noite,Decrescente,Ceu Claro,Simples,Reta,Urbano,2015,2,0,0,0,2,0,0,2
83397866,2015-09-22,Terça,05:40:00,RN,304,30.8,MOSSORO,Outras,Colisão lateral,Sem Vítimas,Pleno dia,Decrescente,Ceu Claro,Simples,Reta,Urbano,2015,2,0,0,0,1,1,0,2
83397947,2015-09-26,Sábado,15:05:00,RN,101,105.2,PARNAMIRIM,Outras,Queda de motocicleta / bicicleta / veículo,Com Vítimas Feridas,Pleno dia,Crescente,Ceu Claro,Dupla,Reta,Urbano,2015,1,0,1,0,0,0,1,1
83397971,2015-09-26,Sábado,11:05:00,RN,226,295.0,CAMPO GRANDE,Animais na Pista,Saída de Pista,Com Vítimas Feridas,Pleno dia,Crescente,Ceu Claro,Simples,Reta,Rural,2015,1,0,1,0,0,0,1,1
83397976,2015-09-26,Sábado,11:15:00,RN,304,122.9,ITAJA,Ultrapassagem indevida,Capotamento,Com Vítimas Feridas,Pleno dia,Decrescente,Ceu Claro,Simples,Reta,Rural,2015,4,0,4,0,0,0,4,1
83398002,2015-09-26,Sábado,12:30:00,RN,304,297.7,MACAIBA,Falta de atenção,Colisão traseira,Com Vítimas Feridas,Pleno dia,Crescente,Ceu Claro,Dupla,Curva,Urbano,2015,3,0,2,1,0,0,3,2
83398018,2015-09-26,Sábado,09:30:00,RN,304,254.2,SANTA MARIA,Ultrapassagem indevida,Saída de Pista,Com Vítimas Feridas,Pleno dia,Decrescente,Ceu Claro,Simples,Reta,Rural,2015,2,0,0,1,1,0,1,2
83398073,2015-09-26,Sábado,20:30:00,RN,101,124.5,SAO JOSE DE MIPIBU,Outras,Queda de motocicleta / bicicleta / veículo,Com Vítimas Feridas,Plena noite,Crescente,Ceu Claro,Múltipla,Reta,Urbano,2015,1,0,0,1,0,0,1,1
83398102,2015-09-27,Domingo,03:55:00,RN,304,47.0,MOSSORO,Ingestão de álcool,Colisão com objeto fixo,Com Vítimas Feridas,Plena noite,Crescente,Ceu Claro,Dupla,Reta,Urbano,2015,1,0,1,0,0,0,1,1
83398112,2015-09-27,Domingo,04:15:00,RN,101,81.7,NATAL,Outras,Colisão traseira,Com Vítimas Feridas,Amanhecer,Decrescente,Ceu Claro,Dupla,Reta,Urbano,2015,2,0,0,1,0,1,1,2
83398166,2015-09-25,Sexta,21:20:00,RN,110,47.8,MOSSORO,Ingestão de álcool,Colisão Transversal,Com Vítimas Feridas,Plena noite,Crescente,Ceu Claro,Simples,Reta,Urbano,2015,3,0,2,0,1,0,2,2
83398268,2015-09-27,Domingo,17:45:00,RN,101,109.9,PARNAMIRIM,Falta de atenção,Colisão traseira,Com Vítimas Feridas,Anoitecer,Decrescente,Ignorada,Dupla,Cruzamento,Urbano,2015,3,0,2,0,1,0,2,2
83398338,2015-09-27,Domingo,18:00:00,RN,406,155.1,CEARA-MIRIM,Ingestão de álcool,Colisão frontal,Com Vítimas Fatais,Anoitecer,Crescente,Ceu Claro,Simples,Reta,Rural,2015,3,1,0,0,2,0,0,2
83398406,2015-09-20,Domingo,17:10:00,RN,406,102.0,JOAO CAMARA,Ingestão de álcool,Colisão traseira,Sem Vítimas,Anoitecer,Crescente,Ceu Claro,Simples,Reta,Urbano,2015,2,0,0,0,2,0,0,2
83398420,2015-09-28,Segunda,06:00:00,RN,101,107.0,PARNAMIRIM,Não guardar distância de segurança,Colisão traseira,Com Vítimas Feridas,Pleno dia,Decrescente,Ceu Claro,Dupla,Reta,Urbano,2015,2,0,1,0,1,0,1,2
83398422,2015-09-20,Domingo,21:45:00,RN,405,157.2,PAU DOS FERROS,Outras,Colisão traseira,Com Vítimas Feridas,Plena noite,Crescente,Ceu Claro,Simples,Reta,Rural,2015,7,0,0,3,4,0,3,2
83398458,2015-09-25,Sexta,00:20:00,RN,405,160.9,RAFAEL FERNANDES,Ingestão de álcool,Queda de motocicleta / bicicleta / veículo,Com Vítimas Feridas,Plena noite,Decrescente,Ceu Claro,Simples,Reta,Urbano,2015,2,0,1,1,0,0,2,1
83398466,2015-09-28,Segunda,08:35:00,RN,304,47.9,MOSSORO,Outras,Queda de motocicleta / bicicleta / veículo,Com Vítimas Feridas,Pleno dia,Decrescente,Sol,Dupla,Reta,Urbano,2015,1,0,1,0,0,0,1,1
83398501,2015-09-28,Segunda,12:50:00,RN,226,15.9,MACAIBA,Falta de atenção,Colisão frontal,Com Vítimas Feridas,Pleno dia,Crescente,Ceu Claro,Simples,Cruzamento,Urbano,2015,2,0,1,0,1,0,1,2
83398502,2015-09-28,Segunda,12:00:00,RN,304,302.9,MACAIBA,Falta de atenção,Colisão lateral,Com Vítimas Feridas,Pleno dia,Crescente,Ceu Claro,Dupla,Reta,Urbano,2015,2,0,1,0,1,0,1,2
83398692,2015-09-25,Sexta,06:00:00,RN,427,83.1,CAICO,Falta de atenção,Colisão traseira,Com Vítimas Feridas,Pleno dia,Crescente,Ceu Claro,Simples,Reta,Rural,2015,2,0,1,0,1,0,1,2
83398727,2015-09-29,Terça,05:30:00,RN,304,119.1,ITAJA,Falta de atenção,Colisão Transversal,Com Vítimas Feridas,Amanhecer,Decrescente,Ceu Claro,Simples,Cruzamento,Urbano,2015,3,0,1,1,1,0,2,3
83398757,2015-05-22,Sexta,20:30:00,RN,110,48.0,MOSSORO,Outras,Queda de motocicleta / bicicleta / veículo,Com Vítimas Feridas,Plena noite,Crescente,Ignorada,Simples,Reta,Urbano,2015,1,0,1,0,0,0,1,1
83398834,2015-09-17,Quinta,19:30:00,RN,101,78.7,NATAL,Outras,Colisão lateral,Com Vítimas Feridas,Plena noite,Decrescente,Ceu Claro,Dupla,Reta,Rural,2015,3,0,1,0,2,0,1,3
83398879,2015-09-27,Domingo,18:45:00,RN,406,103.2,JOAO CAMARA,Desobediência à sinalização,Colisão Transversal,Sem Vítimas,Plena noite,Crescente,Ceu Claro,Simples,Reta,Urbano,2015,2,0,0,0,1,1,0,2
83398969,2015-09-25,Sexta,16:15:00,RN,101,102.9,PARNAMIRIM,Falta de atenção,Colisão Transversal,Com Vítimas Feridas,Pleno dia,Crescente,Ceu Claro,Dupla,Reta,Urbano,2015,3,0,1,1,1,0,2,2
83398990,2015-09-30,Quarta,09:30:00,RN,226,176.6,CURRAIS NOVOS,Falta de atenção,Colisão Transversal,Com Vítimas Feridas,Pleno dia,Crescente,Ceu Claro,Dupla,Cruzamento,Urbano,2015,3,0,1,1,0,1,2,2
83399031,2015-09-26,Sábado,07:20:00,RN,226,16.0,MACAIBA,Falta de atenção,Colisão lateral,Com Vítimas Feridas,Pleno dia,Crescente,Sol,Simples,Reta,Urbano,2015,2,0,0,1,0,1,1,2
83399043,2015-09-30,Quarta,16:30:00,RN,101,4.0,NATAL,Falta de atenção,Colisão traseira,Com Vítimas Feridas,Pleno dia,Decrescente,Sol,Dupla,Reta,Urbano,2015,2,0,1,0,1,0,1,2
83399107,2015-09-30,Quarta,22:15:00,RN,226,3.9,NATAL,Falta de atenção,Colisão Transversal,Com Vítimas Feridas,Plena noite,Crescente,Ceu Claro,Simples,Reta,Urbano,2015,2,0,0,1,1,0,1,2
83399123,2015-09-30,Quarta,23:15:00,RN,304,24.0,MOSSORO,Falta de atenção,Tombamento,Com Vítimas Feridas,Plena noite,Decrescente,Ceu Claro,Dupla,Curva,Rural,2015,1,0,1,0,0,0,1,1
83399125,2015-09-30,Quarta,18:40:00,RN,304,64.6,MOSSORO,Animais na Pista,Saída de Pista,Com Vítimas Feridas,Plena noite,Decrescente,Ceu Claro,Simples,Reta,Rural,2015,1,0,1,0,0,0,1,1
83399179,2015-10-01,Quinta,07:04:00,RN,101,103.0,PARNAMIRIM,Falta de atenção,Colisão Transversal,Sem Vítimas,Pleno dia,Decrescente,Ceu Claro,Múltipla,Cruzamento,Urbano,2015,2,0,0,0,2,0,0,2
83399212,2015-09-27,Domingo,23:15:00,RN,101,162.0,CANGUARETAMA,Não guardar distância de segurança,Colisão traseira,Com Vítimas Feridas,Plena noite,Decrescente,Nublado,Dupla,Reta,Urbano,2015,2,0,0,1,0,1,1,2
83399230,2015-08-16,Domingo,14:30:00,RN,304,180.6,LAJES,Defeito mecânico em veículo,Capotamento,Com Vítimas Fatais,Pleno dia,Crescente,Ceu Claro,Simples,Reta,Rural,2015,5,2,3,0,0,0,3,1
83399250,2015-10-01,Quinta,08:20:00,RN,304,296.0,MACAIBA,Falta de atenção,Colisão Transversal,Com Vítimas Feridas,Pleno dia,Decrescente,Ceu Claro,Múltipla,Reta,Urbano,2015,2,0,1,0,1,0,1,2
83399315,2015-10-01,Quinta,18:30:00,RN,101,83.0,SAO GONCALO DO AMARANTE,Falta de atenção,Colisão lateral,Com Vítimas Feridas,Plena noite,Crescente,Vento,Dupla,Reta,Urbano,2015,3,0,2,0,0,1,2,2
83399324,2015-10-01,Quinta,13:05:00,RN,226,110.6,SANTA CRUZ,Falta de atenção,Colisão frontal,Com Vítimas Feridas,Pleno dia,Decrescente,Sol,Simples,Curva,Urbano,2015,2,0,1,0,1,0,1,2
83399328,2015-10-01,Quinta,17:30:00,RN,427,99.0,CAICO,Outras,Colisão Transversal,Com Vítimas Feridas,Anoitecer,Crescente,Ceu Claro,Simples,Reta,Urbano,2015,2,0,1,0,0,1,1,2
83399346,2015-10-01,Quinta,19:45:00,RN,101,108.6,PARNAMIRIM,Falta de atenção,Colisão Transversal,Com Vítimas Feridas,Plena noite,Crescente,Ignorada,Dupla,Cruzamento,Urbano,2015,2,0,0,1,1,0,1,2
83399353,2015-10-01,Quinta,20:55:00,RN,101,99.8,NATAL,Não guardar distância de segurança,Colisão lateral,Com Vítimas Feridas,Plena noite,Crescente,Ignorada,Dupla,Reta,Urbano,2015,3,0,0,1,1,1,1,3
83399359,2015-10-01,Quinta,16:30:00,RN,304,230.2,RIACHUELO,Outras,Tombamento,Com Vítimas Feridas,Pleno dia,Decrescente,Nublado,Simples,Curva,Rural,2015,1,0,1,0,0,0,1,1
83399408,2015-09-28,Segunda,09:40:00,RN,101,65.0,EXTREMOZ,Falta de atenção,Colisão Transversal,Com Vítimas Feridas,Pleno dia,Crescente,Ceu Claro,Simples,Reta,Urbano,2015,2,0,0,1,1,0,1,2
83399430,2015-06-24,Quarta,15:30:00,RN,405,152.2,PAU DOS FERROS,Outras,Colisão traseira,Com Vítimas Feridas,Pleno dia,Decrescente,Ceu Claro,Simples,Reta,Urbano,2015,3,0,1,1,1,0,2,2
83399465,2015-10-02,Sexta,12:00:00,RN,427,110.6,CAICO,Falta de atenção,Capotamento,Com Vítimas Feridas,Pleno dia,Decrescente,Sol,Simples,Reta,Rural,2015,2,0,1,1,0,0,2,1
83399472,2015-10-02,Sexta,10:30:00,RN,110,42.7,AREIA BRANCA,Outras,Capotamento,Com Vítimas Fatais,Pleno dia,Decrescente,Ceu Claro,Simples,Reta,Rural,2015,4,1,3,0,0,0,3,1
83399511,2015-10-02,Sexta,13:20:00,RN,101,108.5,PARNAMIRIM,Não guardar distância de segurança,Colisão lateral,Sem Vítimas,Pleno dia,Decrescente,Ceu Claro,Dupla,Cruzamento,Urbano,2015,2,0,0,0,2,0,0,2
83399546,2015-09-29,Terça,03:18:00,RN,304,92.5,ASSU,Outras,Capotamento,Com Vítimas Feridas,Plena noite,Crescente,Ceu Claro,Simples,Reta,Rural,2015,2,0,1,0,0,1,1,2
83399572,2015-10-02,Sexta,14:00:00,RN,304,35.3,MOSSORO,Desobediência à sinalização,Colisão Transversal,Com Vítimas Feridas,Pleno dia,Crescente,Ceu Claro,Simples,Cruzamento,Urbano,2015,2,0,0,1,1,0,1,2
83399662,2015-10-02,Sexta,19:20:00,RN,226,111.1,SANTA CRUZ,Falta de atenção,Colisão frontal,Com Vítimas Feridas,Plena noite,Crescente,Ceu Claro,Simples,Reta,Urbano,2015,3,0,1,1,1,0,2,2
83399664,2015-10-02,Sexta,21:50:00,RN,226,102.9,SANTA CRUZ,Desobediência à sinalização,Colisão frontal,Com Vítimas Fatais,Plena noite,Decrescente,Ceu Claro,Simples,Reta,Rural,2015,3,1,1,1,0,0,2,2
83399685,2015-10-02,Sexta,21:10:00,RN,304,136.0,ITAJA,Outras,Capotamento,Com Vítimas Feridas,Plena noite,Crescente,Ceu Claro,Simples,Reta,Rural,2015,1,0,0,1,0,0,1,1
83399696,2015-09-25,Sexta,17:30:00,RN,101,102.0,PARNAMIRIM,Não guardar distância de segurança,Colisão traseira,Com Vítimas Feridas,Pleno dia,Crescente,Ceu Claro,Dupla,Reta,Urbano,2015,5,0,1,0,4,0,1,5
83399721,2015-10-03,Sábado,08:00:00,RN,406,152.1,CEARA-MIRIM,Falta de atenção,Colisão Transversal,Sem Vítimas,Pleno dia,Crescente,Sol,Simples,Cruzamento,Urbano,2015,2,0,0,0,2,0,0,2
83399728,2015-09-20,Domingo,07:00:00,RN,226,114.5,SANTA CRUZ,Falta de atenção,Colisão Transversal,Com Vítimas Feridas,Pleno dia,Crescente,Ceu Claro,Simples,Reta,Rural,2015,2,0,1,1,0,0,2,2
83400052,2015-10-04,Domingo,10:30:00,RN,101,84.0,NATAL,Não guardar distância de segurança,Colisão traseira,Sem Vítimas,Pleno dia,Decrescente,Ceu Claro,Dupla,Reta,Urbano,2015,2,0,0,0,2,0,0,2
83400103,2015-10-04,Domingo,01:00:00,RN,304,303.6,MACAIBA,Animais na Pista,Tombamento,Com Vítimas Feridas,Plena noite,Crescente,Ceu Claro,Dupla,Reta,Urbano,2015,2,0,2,0,0,0,2,1
83400175,2015-10-04,Domingo,17:00:00,RN,101,101.8,PARNAMIRIM,Ingestão de álcool,Colisão traseira,Com Vítimas Feridas,Anoitecer,Crescente,Ceu Claro,Múltipla,Reta,Urbano,2015,3,0,1,1,0,1,2,2
83400192,2015-10-04,Domingo,22:50:00,RN,101,76.0,NATAL,Falta de atenção,Colisão Transversal,Com Vítimas Feridas,Plena noite,Decrescente,Ceu Claro,Dupla,Reta,Urbano,2015,3,0,0,2,1,0,2,2
83400232,2015-10-01,Quinta,20:45:00,RN,101,98.0,NATAL,Dormindo,Capotamento,Com Vítimas Feridas,Plena noite,Decrescente,Ceu Claro,Dupla,Reta,Urbano,2015,1,0,1,0,0,0,1,1
83400253,2015-10-01,Quinta,23:45:00,RN,101,103.5,PARNAMIRIM,Ingestão de álcool,Saída de Pista,Sem Vítimas,Plena noite,Crescente,Nublado,Dupla,Reta,Urbano,2015,2,0,0,0,2,0,0,2
83400258,2015-09-29,Terça,07:30:00,RN,304,42.9,MOSSORO,Falta de atenção,Colisão lateral,Com Vítimas Feridas,Pleno dia,Decrescente,Sol,Dupla,Curva,Rural,2015,2,0,2,0,0,0,2,2
83400267,2015-10-02,Sexta,23:48:00,RN,101,159.9,CANGUARETAMA,Falta de atenção,Colisão com objeto fixo,Com Vítimas Feridas,Plena noite,Crescente,Ceu Claro,Dupla,Curva,Urbano,2015,2,0,1,0,1,0,1,1
83400299,2015-10-05,Segunda,07:25:00,RN,427,66.1,JARDIM DO SERIDO,Outras,Capotamento,Com Vítimas Feridas,Pleno dia,Decrescente,Ceu Claro,Simples,Curva,Rural,2015,1,0,0,1,0,0,1,1
83400306,2015-10-05,Segunda,13:20:00,RN,304,39.0,MOSSORO,Ingestão de álcool,Queda de motocicleta / bicicleta / veículo,Com Vítimas Feridas,Pleno dia,Crescente,Ceu Claro,Dupla,Curva,Urbano,2015,1,0,0,1,0,0,1,1
83400403,2015-10-05,Segunda,16:10:00,RN,101,156.8,GOIANINHA,Outras,Incêndio,Com Vítimas Feridas,Plena noite,Crescente,Ignorada,Dupla,Reta,Rural,2015,2,0,2,0,0,0,2,1
83400416,2015-10-05,Segunda,15:00:00,RN,304,38.4,MOSSORO,Falta de atenção,Colisão Transversal,Com Vítimas Feridas,Pleno dia,Decrescente,Sol,Dupla,Reta,Urbano,2015,2,0,1,0,1,0,1,2
83400518,2015-10-02,Sexta,19:00:00,RN,101,101.9,PARNAMIRIM,Outras,Colisão lateral,Com Vítimas Feridas,Anoitecer,Crescente,Ceu Claro,Dupla,Curva,Urbano,2015,3,0,2,0,1,0,2,2
83400521,2015-10-02,Sexta,23:40:00,RN,405,160.7,RAFAEL FERNANDES,Outras,Atropelamento de pessoa,Com Vítimas Feridas,Plena noite,Crescente,Ceu Claro,Simples,Reta,Urbano,2015,2,0,0,2,0,0,2,1
83400527,2015-10-06,Terça,09:40:00,RN,110,47.9,MOSSORO,Falta de atenção,Colisão lateral,Com Vítimas Feridas,Pleno dia,Decrescente,Ceu Claro,Simples,Reta,Urbano,2015,3,0,1,0,2,0,1,2
83400608,2015-10-06,Terça,08:30:00,RN,101,107.0,PARNAMIRIM,Não guardar distância de segurança,Colisão traseira,Sem Vítimas,Pleno dia,Crescente,Ceu Claro,Dupla,Reta,Urbano,2015,2,0,0,0,2,0,0,2
83400647,2015-10-06,Terça,13:50:00,RN,405,131.0,TABOLEIRO GRANDE,Outras,Saída de Pista,Com Vítimas Fatais,Pleno dia,Crescente,Ceu Claro,Simples,Curva,Rural,2015,1,1,0,0,0,0,0,1
83400706,2015-10-07,Quarta,02:40:00,RN,304,68.3,MOSSORO,Outras,Tombamento,Com Vítimas Feridas,Plena noite,Crescente,Ceu Claro,Simples,Reta,Rural,2015,1,0,1,0,0,0,1,1
83400731,2015-09-25,Sexta,12:40:00,RN,406,98.0,JOAO CAMARA,Outras,Colisão Transversal,Com Vítimas Feridas,Pleno dia,Decrescente,Ceu Claro,Simples,Reta,Urbano,2015,2,0,0,1,0,1,1,2
83400767,2015-03-06,Sexta,09:10:00,RN,405,1.9,MOSSORO,Não guardar distância de segurança,Colisão traseira,Com Vítimas Feridas,Pleno dia,Crescente,Nublado,Dupla,Cruzamento,Urbano,2015,2,0,2,0,0,0,2,2
83400798,2015-10-07,Quarta,08:45:00,RN,226,235.6,FLORANIA,Falta de atenção,Colisão Transversal,Com Vítimas Fatais,Pleno dia,Crescente,Ceu Claro,Simples,Reta,Rural,2015,2,1,0,0,1,0,0,2
83400832,2015-10-07,Quarta,10:20:00,RN,406,139.6,TAIPU,Falta de atenção,Atropelamento de pessoa,Com Vítimas Fatais,Pleno dia,Crescente,Nublado,Simples,Reta,Rural,2015,2,1,0,0,1,0,0,1
83400913,2015-10-07,Quarta,19:00:00,RN,101,80.7,NATAL,Ingestão de álcool,Queda de motocicleta / bicicleta / veículo,Com Vítimas Feridas,Plena noite,Decrescente,Ceu Claro,Dupla,Reta,Urbano,2015,1,0,1,0,0,0,1,1
83400938,2015-10-07,Quarta,16:50:00,RN,101,105.5,PARNAMIRIM,Falta de atenção,Colisão lateral,Com Vítimas Feridas,Anoitecer,Crescente,Ceu Claro,Múltipla,Reta,Urbano,2015,2,0,1,0,0,1,1,2
83400947,2015-10-07,Quarta,12:20:00,RN,101,98.0,NATAL,Falta de atenção,Colisão lateral,Com Vítimas Feridas,Pleno dia,Decrescente,Ceu Claro,Dupla,Reta,Urbano,2015,2,0,1,0,1,0,1,2
83400953,2015-10-07,Quarta,18:01:00,RN,226,110.8,SANTA CRUZ,Não guardar distância de segurança,Colisão Transversal,Com Vítimas Feridas,Plena noite,Crescente,Ceu Claro,Simples,Reta,Urbano,2015,3,0,0,1,2,0,1,2
83400969,2015-10-07,Quarta,08:40:00,RN,101,130.8,SAO JOSE DE MIPIBU,Defeito mecânico em veículo,Colisão traseira,Com Vítimas Feridas,Pleno dia,Decrescente,Chuva,Dupla,Reta,Rural,2015,5,0,3,0,2,0,3,2
83400982,2015-10-07,Quarta,20:00:00,RN,101,75.2,SAO GONCALO DO AMARANTE,Falta de atenção,Colisão com objeto fixo,Com Vítimas Feridas,Plena noite,Crescente,Nublado,Simples,Cruzamento,Urbano,2015,1,0,0,1,0,0,1,1
83400992,2015-10-07,Quarta,23:25:00,RN,304,39.7,MOSSORO,Outras,Colisão Transversal,Sem Vítimas,Plena noite,Decrescente,Nublado,Dupla,Curva,Rural,2015,2,0,0,0,1,1,0,2
83400999,2015-10-07,Quarta,20:00:00,RN,304,108.2,ASSU,Outras,Atropelamento de pessoa,Com Vítimas Feridas,Plena noite,Crescente,Ceu Claro,Simples,Curva,Rural,2015,2,0,0,1,0,1,1,1
83401011,2015-09-27,Domingo,18:20:00,RN,304,42.2,MOSSORO,Outras,Colisão frontal,Com Vítimas Fatais,Plena noite,Crescente,Ignorada,Dupla,Reta,Urbano,2015,2,1,0,0,0,1,0,2
83401057,2015-03-09,Segunda,20:32:00,RN,304,32.0,MOSSORO,Ingestão de álcool,Colisão traseira,Com Vítimas Feridas,Plena noite,Crescente,Ceu Claro,Simples,Reta,Urbano,2015,2,0,0,1,1,0,1,2
83401103,2015-10-06,Terça,20:00:00,RN,304,196.0,LAJES,Defeito mecânico em veículo,Colisão traseira,Sem Vítimas,Plena noite,Decrescente,Ceu Claro,Simples,Reta,Urbano,2015,2,0,0,0,2,0,0,2