id,data_inversa,dia_semana,horario,uf,br,km,municipio,causa_acidente,tipo_acidente,classificacao_acidente,fase_dia,sentido_via,condicao_metereologica,tipo_pista,tracado_via,uso_solo,ano,pessoas,mortos,feridos_leves,feridos_graves,ilesos,ignorados,feridos,veiculos
83401125,2015-10-08,Quinta,08:30:00,RN,101,94.7,NATAL,Outras,Colisão traseira,Sem Vítimas,Pleno dia,Crescente,Sol,Múltipla,Reta,Urbano,2015,2,0,0,0,2,0,0,2
83401129,2015-10-08,Quinta,10:40:00,RN,101,94.5,NATAL,Falta de atenção,Colisão lateral,Sem Vítimas,Pleno dia,Crescente,Ceu Claro,Dupla,Reta,Urbano,2015,2,0,0,0,2,0,0,2
83401238,2015-10-08,Quinta,09:45:00,RN,405,131.0,TABOLEIRO GRANDE,Outras,Tombamento,Com Vítimas Feridas,Pleno dia,Decrescente,Sol,Simples,Curva,Rural,2015,1,0,1,0,0,0,1,1
83401264,2015-10-08,Quinta,17:50:00,RN,406,100.0,JOAO CAMARA,Ingestão de álcool,Colisão frontal,Sem Vítimas,Anoitecer,Crescente,Ceu Claro,Simples,Reta,Urbano,2015,2,0,0,0,2,0,0,2
83401301,2015-10-08,Quinta,21:40:00,RN,406,169.0,SAO GONCALO DO AMARANTE,Falta de atenção,Colisão Transversal,Com Vítimas Feridas,Plena noite,Crescente,Ceu Claro,Simples,Reta,Urbano,2015,2,0,0,1,1,0,1,2
83401340,2015-10-05,Segunda,16:00:00,RN,304,291.7,MACAIBA,Não guardar distância de segurança,Colisão traseira,Com Vítimas Feridas,Anoitecer,Decrescente,Ceu Claro,Simples,Reta,Rural,2015,5,0,1,0,4,0,1,4
83401361,2015-10-05,Segunda,20:00:00,RN,226,111.0,SANTA CRUZ,Ingestão de álcool,Atropelamento de pessoa,Com Vítimas Feridas,Plena noite,Decrescente,Ceu Claro,Simples,Reta,Urbano,2015,3,0,3,0,0,0,3,1
83401518,2015-10-09,Sexta,19:30:00,RN,304,257.0,SANTA MARIA,Animais na Pista,Atropelamento de animal,Com Vítimas Feridas,Plena noite,Decrescente,Ceu Claro,Simples,Reta,Rural,2015,1,0,1,0,0,0,1,1
83401548,2015-10-10,Sábado,08:20:00,RN,101,86.0,SAO GONCALO DO AMARANTE,Não guardar distância de segurança,Colisão com objeto fixo,Sem Vítimas,Pleno dia,Crescente,Ceu Claro,Dupla,Reta,Urbano,2015,1,0,0,0,1,0,0,1
83401579,2015-10-10,Sábado,10:00:00,RN,304,67.0,MOSSORO,Outras,Colisão frontal,Com Vítimas Fatais,Pleno dia,Crescente,Ceu Claro,Simples,Curva,Rural,2015,7,2,0,3,2,0,3,2
83401594,2015-10-10,Sábado,19:00:00,RN,226,290.2,CAMPO GRANDE,Outras,Colisão Transversal,Com Vítimas Feridas,Plena noite,Decrescente,Ceu Claro,Simples,Cruzamento,Rural,2015,3,0,0,1,2,0,1,2
83401620,2015-10-09,Sexta,19:10:00,RN,101,105.0,PARNAMIRIM,Não guardar distância de segurança,Colisão traseira,Com Vítimas Feridas,Plena noite,Crescente,Ceu Claro,Dupla,Reta,Urbano,2015,3,0,1,0,2,0,1,3
83401741,2015-10-11,Domingo,04:40:00,RN,304,263.3,SAO PEDRO,Ingestão de álcool,Atropelamento de pessoa,Com Vítimas Fatais,Amanhecer,Decrescente,Ceu Claro,Simples,Reta,Rural,2015,2,1,0,0,0,1,0,1
83401742,2015-04-09,Quinta,07:30:00,RN,101,97.1,NATAL,Não guardar distância de segurança,Colisão traseira,Com Vítimas Feridas,Amanhecer,Decrescente,Ceu Claro,Múltipla,Reta,Urbano,2015,3,0,1,0,2,0,1,2
83401797,2015-10-11,Domingo,09:50:00,RN,110,46.8,MOSSORO,Outras,Queda de motocicleta / bicicleta / veículo,Com Vítimas Feridas,Pleno dia,Decrescente,Ceu Claro,Simples,Reta,Urbano,2015,2,0,1,1,0,0,2,1
83401870,2015-10-10,Sábado,05:00:00,RN,304,76.0,MOSSORO,Outras,Colisão lateral,Com Vítimas Feridas,Amanhecer,Decrescente,Ceu Claro,Simples,Reta,Rural,2015,2,0,0,1,0,1,1,2
83401972,2015-10-11,Domingo,18:40:00,RN,427,31.0,ACARI,Outras,Colisão frontal,Com Vítimas Fatais,Plena noite,Decrescente,Ceu Claro,Simples,Reta,Rural,2015,4,1,0,0,0,3,0,2
83401978,2015-10-09,Sexta,00:15:00,RN,304,181.0,ANGICOS,Outras,Queda de motocicleta / bicicleta / veículo,Com Vítimas Fatais,Plena noite,Decrescente,Ignorada,Simples,Reta,Rural,2015,1,1,0,0,0,0,0,1
83401989,2015-10-11,Domingo,23:50:00,RN,427,99.2,CAICO,Animais na Pista,Atropelamento de animal,Com Vítimas Feridas,Plena noite,Decrescente,Ceu Claro,Simples,Reta,Urbano,2015,1,0,0,1,0,0,1,1
83402004,2015-10-11,Domingo,16:25:00,RN,304,47.9,MOSSORO,Não guardar distância de segurança,Colisão traseira,Sem Vítimas,Pleno dia,Decrescente,Ceu Claro,Simples,Curva,Urbano,2015,2,0,0,0,2,0,0,2
83402005,2015-10-12,Segunda,01:25:00,RN,304,38.7,MOSSORO,Ingestão de álcool,Colisão traseira,Com Vítimas Feridas,Plena noite,Decrescente,Ceu Claro,Dupla,Reta,Urbano,2015,2,0,1,0,0,1,1,2
83402047,2015-10-05,Segunda,20:30:00,RN,226,50.0,BOM JESUS,Ultrapassagem indevida,Colisão frontal,Com Vítimas Feridas,Plena noite,Decrescente,Ceu Claro,Simples,Reta,Rural,2015,3,0,2,1,0,0,3,2
83402070,2015-10-12,Segunda,05:15:00,RN,304,180.0,ANGICOS,Outras,Colisão com objeto fixo,Com Vítimas Feridas,Amanhecer,Decrescente,Ceu Claro,Simples,Reta,Rural,2015,1,0,0,1,0,0,1,1
83402076,2015-10-04,Domingo,07:35:00,RN,101,106.0,PARNAMIRIM,Desobediência à sinalização,Colisão Transversal,Sem Vítimas,Pleno dia,Crescente,Ceu Claro,Múltipla,Reta,Urbano,2015,2,0,0,0,1,1,0,2
83402085,2015-10-12,Segunda,04:10:00,RN,101,69.7,EXTREMOZ,Outras,Colisão traseira,Sem Vítimas,Plena noite,Decrescente,Ceu Claro,Simples,Reta,Rural,2015,2,0,0,0,2,0,0,2
83402204,2015-10-12,Segunda,16:40:00,RN,110,49.0,MOSSORO,Ingestão de álcool,Colisão Transversal,Com Vítimas Feridas,Pleno dia,Decrescente,Ceu Claro,Dupla,Reta,Urbano,2015,2,0,0,1,1,0,1,2
83402289,2015-10-12,Segunda,17:45:00,RN,110,16.8,AREIA BRANCA,Outras,Atropelamento de pessoa,Com Vítimas Feridas,Plena noite,Decrescente,Ceu Claro,Simples,Reta,Rural,2015,2,0,2,0,0,0,2,1
83402337,2015-10-12,Segunda,18:25:00,RN,405,81.0,APODI,Outras,Colisão traseira,Com Vítimas Feridas,Anoitecer,Decrescente,Ceu Claro,Simples,Reta,Rural,2015,4,0,3,1,0,0,4,2
83402345,2015-10-12,Segunda,19:30:00,RN,427,39.4,ACARI,Outras,Colisão lateral,Com Vítimas Feridas,Plena noite,Decrescente,Ceu Claro,Simples,Reta,Rural,2015,2,0,0,1,1,0,1,2
83402445,2015-10-09,Sexta,19:00:00,RN,226,167.5,CURRAIS NOVOS,Não guardar distância de segurança,Colisão traseira,Com Vítimas Feridas,Plena noite,Crescente,Ceu Claro,Simples,Reta,Rural,2015,7,0,4,0,2,1,4,3
83402452,2015-10-13,Terça,02:30:00,RN,427,64.5,JARDIM DO SERIDO,Outras,Queda de motocicleta / bicicleta / veículo,Com Vítimas Feridas,Plena noite,Crescente,Ceu Claro,Simples,Reta,Rural,2015,1,0,1,0,0,0,1,1
83402520,2015-10-09,Sexta,20:30:00,RN,304,116.5,ASSU,Outras,Colisão frontal,Com Vítimas Fatais,Plena noite,Crescente,Ceu Claro,Simples,Reta,Urbano,2015,2,1,0,0,0,1,0,2
83402539,2015-08-30,Domingo,17:00:00,RN,406,166.2,SAO GONCALO DO AMARANTE,Outras,Colisão lateral,Com Vítimas Feridas,Pleno dia,Decrescente,Sol,Simples,Reta,Rural,2015,2,0,1,0,1,0,1,2
83402615,2015-10-13,Terça,08:00:00,RN,405,2.0,MOSSORO,Desobediência à sinalização,Colisão Transversal,Com Vítimas Feridas,Pleno dia,Crescente,Ceu Claro,Dupla,Reta,Urbano,2015,3,0,2,0,1,0,2,2
83402647,2015-10-10,Sábado,01:30:00,RN,226,344.7,PATU,Ingestão de álcool,Saída de Pista,Com Vítimas Fatais,Amanhecer,Decrescente,Ceu Claro,Simples,Curva,Rural,2015,3,1,1,1,0,0,2,1
83402652,2015-10-13,Terça,17:55:00,RN,101,54.0,MAXARANGUAPE,Animais na Pista,Atropelamento de animal,Sem Vítimas,Anoitecer,Crescente,Ceu Claro,Simples,Reta,Urbano,2015,1,0,0,0,1,0,0,1
83402684,2015-10-13,Terça,20:30:00,RN,226,38.4,MACAIBA,Ingestão de álcool,Colisão Transversal,Sem Vítimas,Plena noite,Decrescente,Nublado,Simples,Reta,Rural,2015,2,0,0,0,2,0,0,2
83402744,2015-10-10,Sábado,12:45:00,RN,101,105.0,NATAL,Ingestão de álcool,Colisão lateral,Sem Vítimas,Pleno dia,Decrescente,Sol,Dupla,Reta,Urbano,2015,2,0,0,0,1,1,0,2
83402853,2015-10-14,Quarta,11:25:00,RN,304,38.6,MOSSORO,Falta de atenção,Colisão Transversal,Com Vítimas Feridas,Pleno dia,Decrescente,Ceu Claro,Dupla,Reta,Urbano,2015,2,0,2,0,0,0,2,2
83402856,2015-08-10,Segunda,02:40:00,RN,110,25.0,AREIA BRANCA,Animais na Pista,Atropelamento de animal,Com Vítimas Feridas,Plena noite,Crescente,Ignorada,Simples,Reta,Rural,2015,1,0,0,1,0,0,1,1
83402918,2015-10-13,Terça,17:45:00,RN,101,102.6,PARNAMIRIM,Falta de atenção,Colisão lateral,Com Vítimas Feridas,Anoitecer,Decrescente,Ceu Claro,Múltipla,Reta,Urbano,2015,2,0,1,0,1,0,1,2
83402950,2015-10-14,Quarta,20:00:00,RN,110,49.7,MOSSORO,Outras,Queda de motocicleta / bicicleta / veículo,Com Vítimas Feridas,Plena noite,Decrescente,(null),Dupla,Reta,Urbano,2015,2,0,0,2,0,0,2,1
83403006,2015-10-14,Quarta,15:15:00,RN,101,126.1,SAO JOSE DE MIPIBU,Falta de atenção,Colisão traseira,Com Vítimas Feridas,Pleno dia,Crescente,Ceu Claro,Múltipla,Reta,Urbano,2015,3,0,1,1,1,0,2,2
83403101,2015-09-24,Quinta,15:50:00,RN,405,2.0,MOSSORO,Desobediência à sinalização,Colisão Transversal,Com Vítimas Feridas,Pleno dia,Decrescente,Sol,Simples,Cruzamento,Urbano,2015,2,0,1,0,1,0,1,2
83403391,2015-10-16,Sexta,04:50:00,RN,101,155.2,GOIANINHA,Dormindo,Tombamento,Sem Vítimas,Amanhecer,Decrescente,Ceu Claro,Dupla,Reta,Rural,2015,1,0,0,0,1,0,0,1
83403450,2015-10-13,Terça,08:10:00,RN,101,97.9,NATAL,Outras,Colisão traseira,Sem Vítimas,Pleno dia,Decrescente,Sol,Dupla,Curva,Urbano,2015,2,0,0,0,2,0,0,2
83403488,2015-10-16,Sexta,18:00:00,RN,406,145.0,CEARA-MIRIM,Falta de atenção,Colisão Transversal,Sem Vítimas,Plena noite,Decrescente,Ceu Claro,Simples,Reta,Rural,2015,2,0,0,0,2,0,0,2
83403548,2015-10-16,Sexta,09:39:00,RN,427,66.1,JARDIM DO SERIDO,Outras,Capotamento,Sem Vítimas,Pleno dia,Decrescente,Ceu Claro,Simples,Curva,Rural,2015,1,0,0,0,1,0,0,1
83403598,2015-10-13,Terça,08:50:00,RN,101,156.5,CANGUARETAMA,Falta de atenção,Colisão traseira,Com Vítimas Feridas,Pleno dia,Decrescente,Ceu Claro,Dupla,Reta,Rural,2015,2,0,1,0,1,0,1,2
83403615,2015-10-17,Sábado,07:25:00,RN,405,7.2,MOSSORO,Outras,Capotamento,Com Vítimas Feridas,Pleno dia,Crescente,Ceu Claro,Simples,Reta,Rural,2015,2,0,2,0,0,0,2,1
83403635,2015-10-17,Sábado,07:15:00,RN,406,147.0,CEARA-MIRIM,Falta de atenção,Colisão Transversal,Com Vítimas Feridas,Pleno dia,Crescente,Sol,Simples,Reta,Urbano,2015,2,0,1,0,1,0,1,2
83403649,2015-10-13,Terça,13:30:00,RN,304,47.9,MOSSORO,Falta de atenção,Colisão traseira,Com Vítimas Feridas,Pleno dia,Decrescente,Ceu Claro,Simples,Curva,Urbano,2015,2,0,1,0,1,0,1,2
83403718,2015-10-14,Quarta,01:00:00,RN,304,287.8,MACAIBA,Outras,Tombamento,Sem Vítimas,Plena noite,Crescente,Ceu Claro,Simples,Reta,Rural,2015,1,0,0,0,1,0,0,1
83403769,2015-10-17,Sábado,11:20:00,RN,406,11.1,MACAU,Outras,Colisão Transversal,Com Vítimas Fatais,Pleno dia,Decrescente,Ceu Claro,Simples,Reta,Rural,2015,2,1,0,0,0,1,0,2
83403804,2015-10-17,Sábado,22:25:00,RN,304,43.3,MOSSORO,Outras,Colisão traseira,Com Vítimas Feridas,Plena noite,Decrescente,Ceu Claro,Dupla,Reta,Urbano,2015,4,0,2,0,1,1,2,2
83403808,2015-10-17,Sábado,23:10:00,RN,304,7.0,MOSSORO,Outras,Colisão frontal,Com Vítimas Fatais,Plena noite,Decrescente,Ceu Claro,Simples,Reta,Rural,2015,2,1,0,0,0,1,0,2
83403910,2015-09-18,Sexta,09:45:00,RN,427,100.4,CAICO,Desobediência à sinalização,Colisão lateral,Com Vítimas Feridas,Pleno dia,Crescente,Ceu Claro,Simples,Cruzamento,Urbano,2015,3,0,1,2,0,0,3,2
83403945,2015-10-18,Domingo,11:20:00,RN,101,85.0,NATAL,Ingestão de álcool,Colisão traseira,Sem Vítimas,Pleno dia,Decrescente,Ceu Claro,Dupla,Reta,Urbano,2015,2,0,0,0,2,0,0,2
83404133,2015-10-16,Sexta,05:20:00,RN,101,104.1,PARNAMIRIM,Ingestão de álcool,Colisão traseira,Sem Vítimas,Amanhecer,Crescente,Ceu Claro,Dupla,Reta,Urbano,2015,2,0,0,0,2,0,0,2
83404249,2015-10-17,Sábado,20:40:00,RN,101,146.0,GOIANINHA,Outras,Colisão Transversal,Com Vítimas Feridas,Plena noite,Crescente,Ceu Claro,Dupla,Reta,Urbano,2015,2,0,0,1,0,1,1,2
83404264,2015-09-05,Sábado,19:00:00,RN,304,115.0,MOSSORO,Falta de atenção,Atropelamento de pessoa,Com Vítimas Fatais,Anoitecer,Crescente,Ceu Claro,Simples,Reta,Urbano,2015,2,1,0,1,0,0,1,1
83404265,2015-10-19,Segunda,18:20:00,RN,110,47.4,MOSSORO,Não guardar distância de segurança,Colisão traseira,Com Vítimas Feridas,Plena noite,Crescente,Ceu Claro,Simples,Reta,Urbano,2015,2,0,1,0,1,0,1,2
83404316,2015-10-19,Segunda,22:25:00,RN,101,119.5,SAO JOSE DE MIPIBU,Outras,Saída de Pista,Com Vítimas Feridas,Plena noite,Decrescente,Ceu Claro,Simples,Reta,Rural,2015,1,0,1,0,0,0,1,1
83404326,2015-10-19,Segunda,10:50:00,RN,101,94.0,NATAL,Outras,Queda de motocicleta / bicicleta / veículo,Com Vítimas Feridas,Pleno dia,Decrescente,Ceu Claro,Simples,Curva,Urbano,2015,1,0,1,0,0,0,1,1
83404366,2015-08-21,Sexta,21:25:00,RN,226,48.3,BOM JESUS,Outras,Colisão frontal,Com Vítimas Feridas,Plena noite,Decrescente,Ceu Claro,Simples,Reta,Urbano,2015,2,0,0,1,1,0,1,2
83404373,2015-01-17,Sábado,18:21:00,RN,101,66.6,EXTREMOZ,Outras,Colisão Transversal,Sem Vítimas,Anoitecer,Crescente,Ceu Claro,Simples,Reta,Rural,2015,3,0,0,0,1,2,0,2
83404381,2015-10-17,Sábado,05:30:00,RN,110,47.4,MOSSORO,Ingestão de álcool,Colisão frontal,Com Vítimas Feridas,Amanhecer,Decrescente,Ceu Claro,Simples,Reta,Urbano,2015,2,0,2,0,0,0,2,2
83404548,2015-10-20,Terça,19:00:00,RN,304,11.9,MOSSORO,Outras,Queda de motocicleta / bicicleta / veículo,Com Vítimas Fatais,Plena noite,Decrescente,Ceu Claro,Simples,Reta,Rural,2015,1,1,0,0,0,0,0,1
83404581,2015-10-20,Terça,19:55:00,RN,304,28.0,MOSSORO,Animais na Pista,Atropelamento de animal,Com Vítimas Feridas,Plena noite,Decrescente,Ceu Claro,Simples,Reta,Urbano,2015,1,0,0,1,0,0,1,1
83404590,2015-10-21,Quarta,03:50:00,RN,304,297.6,MACAIBA,Outras,Colisão com objeto fixo,Com Vítimas Fatais,Plena noite,Decrescente,Ceu Claro,Dupla,Cruzamento,Urbano,2015,2,1,0,1,0,0,1,1
83404640,2015-10-17,Sábado,12:30:00,RN,226,2.0,NATAL,Não guardar distância de segurança,Colisão lateral,Com Vítimas Feridas,Pleno dia,Crescente,Ceu Claro,Dupla,Cruzamento,Urbano,2015,3,0,1,0,2,0,1,3
83404649,2015-10-13,Terça,07:05:00,RN,101,85.0,NATAL,Defeito mecânico em veículo,Colisão traseira,Sem Vítimas,Pleno dia,Crescente,Sol,Dupla,Reta,Urbano,2015,2,0,0,0,2,0,0,2
83404823,2015-10-21,Quarta,11:00:00,RN,405,1.6,MOSSORO,Falta de atenção,Colisão frontal,Com Vítimas Feridas,Pleno dia,Decrescente,Sol,Dupla,Reta,Urbano,2015,2,0,2,0,0,0,2,2
83404860,2015-10-18,Domingo,05:40:00,RN,226,250.2,JUCURUTU,Dormindo,Queda de motocicleta / bicicleta / veículo,Com Vítimas Fatais,Amanhecer,Decrescente,Ceu Claro,Simples,Reta,Rural,2015,2,1,0,1,0,0,1,1
83404888,2015-10-15,Quinta,18:00:00,RN,101,79.1,SAO GONCALO DO AMARANTE,Ingestão de álcool,Atropelamento de pessoa,Com Vítimas Feridas,Plena noite,Decrescente,Ceu Claro,Dupla,Reta,Urbano,2015,2,0,1,1,0,0,2,1
83404941,2015-10-22,Quinta,12:50:00,RN,101,85.5,NATAL,Não guardar distância de segurança,Colisão traseira,Sem Vítimas,Pleno dia,Crescente,Ceu Claro,Dupla,Reta,Urbano,2015,2,0,0,0,2,0,0,2
83404962,2015-04-28,Terça,07:30:00,RN,406,100.0,JOAO CAMARA,Desobediência à sinalização,Colisão Transversal,Com Vítimas Feridas,Plena noite,Crescente,Ceu Claro,Simples,Cruzamento,Urbano,2015,3,0,0,2,0,1,2,2
83405180,2015-10-11,Domingo,16:25:00,RN,110,46.5,MOSSORO,Não guardar distância de segurança,Colisão traseira,Com Vítimas Feridas,Anoitecer,Crescente,Ceu Claro,Simples,Reta,Urbano,2015,2,0,0,1,1,0,1,2
83405197,2015-10-16,Sexta,01:00:00,RN,304,48.0,MOSSORO,Não guardar distância de segurança,Colisão traseira,Sem Vítimas,Plena noite,Decrescente,Ceu Claro,Simples,Reta,Urbano,2015,2,0,0,0,1,1,0,2
83405242,2015-10-23,Sexta,11:40:00,RN,110,45.9,MOSSORO,Não guardar distância de segurança,Colisão traseira,Sem Vítimas,Pleno dia,Crescente,Sol,Simples,Reta,Urbano,2015,2,0,0,0,2,0,0,2
83405394,2015-10-24,Sábado,00:20:00,RN,304,302.0,MACAIBA,Ultrapassagem indevida,Saída de Pista,Com Vítimas Feridas,Plena noite,Crescente,Nublado,Dupla,Reta,Rural,2015,1,0,1,0,0,0,1,1
83405491,2015-10-24,Sábado,11:10:00,RN,110,46.0,MOSSORO,Outras,Colisão Transversal,Com Vítimas Feridas,Pleno dia,Decrescente,Ceu Claro,Simples,Reta,Urbano,2015,2,0,1,0,1,0,1,2
83405583,2015-10-24,Sábado,21:00:00,RN,101,99.0,NATAL,Defeito mecânico em veículo,Colisão Transversal,Com Vítimas Feridas,Plena noite,Crescente,Ceu Claro,Dupla,Cruzamento,Urbano,2015,3,0,2,0,1,0,2,2
83405703,2015-07-28,Terça,18:30:00,RN,110,48.0,MOSSORO,Não guardar distância de segurança,Colisão traseira,Com Vítimas Feridas,Plena noite,Decrescente,Ceu Claro,Simples,Reta,Urbano,2015,2,0,1,0,0,1,1,2
83405820,2015-10-25,Domingo,18:40:00,RN,427,101.8,CAICO,Velocidade incompatível,Colisão traseira,Com Vítimas Feridas,Plena noite,Decrescente,Ceu Claro,Simples,Reta,Urbano,2015,3,0,1,0,1,1,1,3
83405864,2015-10-25,Domingo,18:00:00,RN,226,174.4,CURRAIS NOVOS,Desobediência à sinalização,Colisão Transversal,Com Vítimas Feridas,Anoitecer,Crescente,Ceu Claro,Simples,Curva,Urbano,2015,3,0,0,3,0,0,3,2
83405915,2015-10-23,Sexta,19:05:00,RN,226,7.7,NATAL,Velocidade incompatível,Colisão frontal,Com Vítimas Feridas,Plena noite,Decrescente,Ceu Claro,Simples,Curva,Rural,2015,2,0,0,1,1,0,1,2
83405946,2015-10-22,Quinta,21:10:00,RN,101,97.1,NATAL,Outras,Atropelamento de pessoa,Com Vítimas Feridas,Pleno dia,Decrescente,Ceu Claro,Múltipla,Reta,Urbano,2015,3,0,0,2,1,0,2,2
83405999,2015-10-26,Segunda,11:45:00,RN,101,96.5,NATAL,Falta de atenção,Colisão lateral,Com Vítimas Feridas,Pleno dia,Crescente,Ceu Claro,Múltipla,Reta,Urbano,2015,3,0,1,1,0,1,2,2
83406052,2015-10-22,Quinta,20:00:00,RN,101,149.0,GOIANINHA,Ingestão de álcool,Saída de Pista,Sem Vítimas,Plena noite,Decrescente,Ceu Claro,Simples,Curva,Urbano,2015,2,0,0,0,2,0,0,2
83406087,2015-10-26,Segunda,18:00:00,RN,101,78.0,NATAL,Outras,Colisão Transversal,Com Vítimas Feridas,Plena noite,Decrescente,Ceu Claro,Dupla,Reta,Urbano,2015,2,0,0,2,0,0,2,2
83406348,2015-10-27,Terça,18:20:00,RN,110,46.9,MOSSORO,Desobediência à sinalização,Colisão Transversal,Sem Vítimas,Plena noite,Crescente,Ceu Claro,Simples,Cruzamento,Urbano,2015,2,0,0,0,2,0,0,2
83406464,2015-10-24,Sábado,11:30:00,RN,405,2.0,MOSSORO,Falta de atenção,Colisão com bicicleta,Com Vítimas Feridas,Pleno dia,Crescente,Ceu Claro,Dupla,Reta,Urbano,2015,2,0,1,0,0,1,1,2
83406621,2015-10-28,Quarta,14:40:00,RN,110,49.1,MOSSORO,Animais na Pista,Atropelamento de animal,Com Vítimas Feridas,Pleno dia,Decrescente,Sol,Dupla,Reta,Urbano,2015,2,0,2,0,0,0,2,1
83406623,2015-10-24,Sábado,21:00:00,RN,226,4.0,NATAL,Ingestão de álcool,Colisão com bicicleta,Com Vítimas Feridas,Plena noite,Decrescente,Ceu Claro,Simples,Reta,Urbano,2015,2,0,1,0,1,0,1,2
83406654,2015-10-28,Quarta,14:50:00,RN,101,113.0,SAO JOSE DE MIPIBU,Defeito mecânico em veículo,Queda de motocicleta / bicicleta / veículo,Com Vítimas Feridas,Pleno dia,Decrescente,Ceu Claro,Dupla,Reta,Rural,2015,2,0,1,1,0,0,2,1
83406655,2015-10-18,Domingo,19:30:00,RN,406,43.7,GUAMARE,Ultrapassagem indevida,Colisão frontal,Com Vítimas Feridas,Plena noite,Decrescente,Ceu Claro,Simples,Reta,Rural,2015,2,0,0,1,1,0,1,2
83406665,2015-10-28,Quarta,14:40:00,RN,405,0.5,MOSSORO,Outras,Colisão Transversal,Com Vítimas Feridas,Pleno dia,Crescente,Nublado,Simples,Cruzamento,Urbano,2015,2,0,1,0,1,0,1,2
83406673,2015-10-24,Sábado,21:40:00,RN,405,172.1,RIACHO DE SANTANA,Outras,Colisão frontal,Com Vítimas Fatais,Plena noite,Crescente,Ceu Claro,Simples,Reta,Rural,2015,3,1,1,0,1,0,1,2
83406708,2015-10-28,Quarta,21:20:00,RN,110,47.5,MOSSORO,Outras,Colisão Transversal,Com Vítimas Feridas,Plena noite,Decrescente,Ceu Claro,Simples,Reta,Urbano,2015,4,0,2,0,2,0,2,2
83406725,2015-10-28,Quarta,16:40:00,RN,110,45.7,MOSSORO,Defeito mecânico em veículo,Queda de motocicleta / bicicleta / veículo,Com Vítimas Feridas,Pleno dia,Decrescente,Ceu Claro,Simples,Reta,Urbano,2015,2,0,2,0,0,0,2,1
83406828,2015-10-21,Quarta,22:30:00,RN,406,170.0,SAO GONCALO DO AMARANTE,Outras,Colisão traseira,Com Vítimas Feridas,Plena noite,Decrescente,Vento,Simples,Reta,Urbano,2015,3,0,2,0,1,0,2,2
83406842,2015-10-17,Sábado,14:15:00,RN,101,84.0,NATAL,Falta de atenção,Colisão lateral,Com Vítimas Feridas,Pleno dia,Decrescente,Sol,Dupla,Reta,Urbano,2015,2,0,0,1,1,0,1,2
83406844,2015-10-29,Quinta,12:55:00,RN,101,106.2,PARNAMIRIM,Não guardar distância de segurança,Colisão traseira,Com Vítimas Feridas,Pleno dia,Decrescente,Ceu Claro,Dupla,Reta,Urbano,2015,5,0,1,0,4,0,1,4
83406940,2015-10-29,Quinta,17:45:00,RN,427,97.2,CAICO,Outras,Colisão lateral,Com Vítimas Feridas,Anoitecer,Crescente,Ceu Claro,Simples,Reta,Urbano,2015,2,0,1,0,1,0,1,2
83407072,2015-10-25,Domingo,18:20:00,RN,406,128.1,TAIPU,Falta de atenção,Colisão traseira,Ignorado,Plena noite,Decrescente,Ceu Claro,Simples,Reta,Rural,2015,2,0,0,0,0,2,0,2
83407106,2015-10-26,Segunda,12:20:00,RN,101,124.9,SAO JOSE DE MIPIBU,Dormindo,Colisão traseira,Com Vítimas Feridas,Pleno dia,Crescente,Ceu Claro,Dupla,Reta,Urbano,2015,2,0,1,0,1,0,1,2
83407120,2015-10-30,Sexta,10:30:00,RN,101,79.1,NATAL,Falta de atenção,Colisão traseira,Sem Vítimas,Pleno dia,Decrescente,Ceu Claro,Dupla,Reta,Urbano,2015,2,0,0,0,2,0,0,2
83407128,2015-10-21,Quarta,13:00:00,RN,110,47.9,MOSSORO,Desobediência à sinalização,Colisão Transversal,Com Vítimas Feridas,Pleno dia,Crescente,Sol,Simples,Reta,Urbano,2015,2,0,1,0,1,0,1,2
83407286,2015-10-30,Sexta,23:05:00,RN,101,70.8,EXTREMOZ,Outras,Colisão traseira,Com Vítimas Feridas,Plena noite,Crescente,Ceu Claro,Simples,Reta,Rural,2015,3,0,0,2,1,0,2,2
83407308,2015-10-30,Sexta,11:00:00,RN,427,125.2,SERRA NEGRA DO NORTE,Outras,Capotamento,Com Vítimas Feridas,Pleno dia,Decrescente,Ceu Claro,Simples,Curva,Rural,2015,1,0,0,1,0,0,1,1
83407448,2015-10-31,Sábado,12:20:00,RN,101,123.7,SAO JOSE DE MIPIBU,Falta de atenção,Colisão Transversal,Com Vítimas Feridas,Pleno dia,Decrescente,Ceu Claro,Dupla,Reta,Urbano,2015,3,0,1,1,1,0,2,2
83407489,2015-10-22,Quinta,14:00:00,RN,427,98.1,CAICO,Ingestão de álcool,Queda de motocicleta / bicicleta / veículo,Com Vítimas Feridas,Pleno dia,Crescente,Ceu Claro,Simples,Reta,Rural,2015,1,0,0,1,0,0,1,1