id,data_inversa,dia_semana,horario,uf,br,km,municipio,causa_acidente,tipo_acidente,classificacao_acidente,fase_dia,sentido_via,condicao_metereologica,tipo_pista,tracado_via,uso_solo,ano,pessoas,mortos,feridos_leves,feridos_graves,ilesos,ignorados,feridos,veiculos
83407496,2015-10-31,Sábado,11:40:00,RN,405,0.5,MOSSORO,Falta de atenção,Colisão Transversal,Com Vítimas Feridas,Pleno dia,Crescente,Ceu Claro,Dupla,Reta,Urbano,2015,3,0,1,1,1,0,2,2
83407502,2015-10-31,Sábado,16:15:00,RN,101,117.9,SAO JOSE DE MIPIBU,Defeito mecânico em veículo,Queda de motocicleta / bicicleta / veículo,Com Vítimas Feridas,Pleno dia,Crescente,Ceu Claro,Dupla,Reta,Rural,2015,2,0,2,0,0,0,2,1
83407576,2015-10-31,Sábado,17:10:00,RN,101,73.0,NATAL,Ingestão de álcool,Colisão frontal,Sem Vítimas,Pleno dia,Crescente,Sol,Simples,Cruzamento,Rural,2015,2,0,0,0,2,0,0,2
83407597,2015-10-31,Sábado,20:50:00,RN,304,25.0,MOSSORO,Animais na Pista,Atropelamento de animal,Sem Vítimas,Plena noite,Decrescente,Ceu Claro,Simples,Reta,Rural,2015,1,0,0,0,1,0,0,1
83407630,2015-10-31,Sábado,14:20:00,RN,304,45.5,MOSSORO,Outras,Saída de Pista,Sem Vítimas,Pleno dia,Decrescente,Ceu Claro,Dupla,Reta,Urbano,2015,1,0,0,0,1,0,0,1
83407807,2015-11-01,Domingo,16:20:00,RN,101,82.9,SAO GONCALO DO AMARANTE,Outras,Colisão com bicicleta,Com Vítimas Fatais,Pleno dia,Crescente,Ceu Claro,Dupla,Reta,Urbano,2015,2,1,0,0,1,0,0,2
83407983,2015-11-02,Segunda,09:30:00,RN,406,169.0,SAO GONCALO DO AMARANTE,Falta de atenção,Colisão Transversal,Sem Vítimas,Pleno dia,Decrescente,Sol,Simples,Cruzamento,Urbano,2015,2,0,0,0,2,0,0,2
83408020,2015-11-02,Segunda,11:05:00,RN,226,6.0,NATAL,Ingestão de álcool,Colisão Transversal,Com Vítimas Feridas,Pleno dia,Crescente,Ceu Claro,Simples,Curva,Urbano,2015,2,0,1,0,1,0,1,2
83408043,2015-11-02,Segunda,09:00:00,RN,101,156.3,CANGUARETAMA,Falta de atenção,Colisão traseira,Com Vítimas Feridas,Pleno dia,Crescente,Ceu Claro,Dupla,Reta,Rural,2015,2,0,1,0,1,0,1,2
83408088,2015-11-02,Segunda,14:45:00,RN,304,21.9,MOSSORO,Animais na Pista,Saída de Pista,Com Vítimas Feridas,Pleno dia,Crescente,Sol,Simples,Reta,Rural,2015,1,0,1,0,0,0,1,1
83408090,2015-11-02,Segunda,15:15:00,RN,226,85.0,TANGARA,Falta de atenção,Colisão traseira,Com Vítimas Feridas,Pleno dia,Decrescente,Ceu Claro,Dupla,Curva,Rural,2015,4,0,1,0,3,0,1,2
83408102,2015-11-02,Segunda,17:35:00,RN,101,108.0,PARNAMIRIM,Falta de atenção,Colisão traseira,Com Vítimas Feridas,Anoitecer,Decrescente,Ignorada,Dupla,Reta,Urbano,2015,3,0,1,0,1,1,1,3
83408164,2015-11-02,Segunda,21:20:00,RN,304,296.1,MACAIBA,Outras,Colisão lateral,Com Vítimas Feridas,Plena noite,Decrescente,Ceu Claro,Simples,Curva,Urbano,2015,2,0,1,0,0,1,1,2
83408207,2015-11-02,Segunda,09:05:00,RN,226,53.3,BOM JESUS,Falta de atenção,Colisão Transversal,Com Vítimas Fatais,Pleno dia,Crescente,Ceu Claro,Simples,Cruzamento,Rural,2015,7,2,4,1,0,0,5,2
83408349,2015-11-03,Terça,06:30:00,RN,101,109.0,PARNAMIRIM,Falta de atenção,Colisão lateral,Com Vítimas Feridas,Pleno dia,Decrescente,Ceu Claro,Dupla,Reta,Rural,2015,2,0,1,0,0,1,1,2
83408383,2015-11-01,Domingo,01:20:00,RN,304,24.0,MOSSORO,Ingestão de álcool,Saída de Pista,Com Vítimas Fatais,Plena noite,Crescente,Ceu Claro,Dupla,Curva,Rural,2015,1,1,0,0,0,0,0,1
83408487,2015-11-03,Terça,14:05:00,RN,304,32.1,MOSSORO,Falta de atenção,Colisão Transversal,Com Vítimas Feridas,Pleno dia,Crescente,Ceu Claro,Simples,Reta,Urbano,2015,2,0,1,0,1,0,1,2
83408529,2015-10-29,Quinta,18:30:00,RN,101,94.1,NATAL,Falta de atenção,Colisão traseira,Sem Vítimas,Plena noite,Crescente,Ceu Claro,Múltipla,Reta,Urbano,2015,4,0,0,0,4,0,0,4
83408532,2015-11-02,Segunda,18:50:00,RN,226,112.3,SANTA CRUZ,Falta de atenção,Atropelamento de pessoa,Com Vítimas Fatais,Plena noite,Crescente,Ceu Claro,Simples,Reta,Urbano,2015,2,1,0,0,0,1,0,1
83408533,2015-10-31,Sábado,19:30:00,RN,304,298.0,MACAIBA,Outras,Colisão Transversal,Com Vítimas Fatais,Plena noite,Decrescente,Ceu Claro,Dupla,Curva,Urbano,2015,2,1,0,0,0,1,0,2
83408612,2015-10-29,Quinta,16:40:00,RN,101,80.8,NATAL,Não guardar distância de segurança,Colisão traseira,Sem Vítimas,Pleno dia,Decrescente,Sol,Dupla,Cruzamento,Urbano,2015,2,0,0,0,2,0,0,2
83408644,2015-11-04,Quarta,07:10:00,RN,101,98.1,NATAL,Não guardar distância de segurança,Colisão traseira,Com Vítimas Feridas,Pleno dia,Decrescente,Ceu Claro,Múltipla,Reta,Urbano,2015,3,0,2,0,1,0,2,2
83408739,2015-11-04,Quarta,08:30:00,RN,101,105.5,PARNAMIRIM,Outras,Colisão lateral,Com Vítimas Feridas,Pleno dia,Decrescente,Sol,Dupla,Reta,Urbano,2015,2,0,1,0,1,0,1,2
83408775,2015-11-04,Quarta,19:25:00,RN,226,109.0,SANTA CRUZ,Outras,Queda de motocicleta / bicicleta / veículo,Com Vítimas Feridas,Plena noite,Crescente,Ceu Claro,Simples,Reta,Urbano,2015,2,0,0,1,1,0,1,2
83408873,2015-11-02,Segunda,06:15:00,RN,304,307.0,PARNAMIRIM,Outras,Colisão frontal,Com Vítimas Fatais,Pleno dia,Decrescente,Ceu Claro,Dupla,Curva,Urbano,2015,2,1,0,0,1,0,0,2
83408940,2015-09-03,Quinta,01:45:00,RN,101,107.4,PARNAMIRIM,Desobediência à sinalização,Colisão Transversal,Com Vítimas Feridas,Plena noite,Decrescente,Ceu Claro,Dupla,Cruzamento,Urbano,2015,2,0,1,0,1,0,1,2
83408951,2015-11-05,Quinta,16:08:00,RN,304,35.5,MOSSORO,Desobediência à sinalização,Colisão Transversal,Com Vítimas Feridas,Pleno dia,Crescente,Nublado,Dupla,Reta,Urbano,2015,2,0,1,0,1,0,1,2
83409092,2015-11-04,Quarta,14:20:00,RN,101,103.0,PARNAMIRIM,Defeito mecânico em veículo,Colisão Transversal,Com Vítimas Feridas,Pleno dia,Crescente,Ceu Claro,Dupla,Reta,Urbano,2015,3,0,1,0,2,0,1,3
83409169,2015-11-04,Quarta,09:00:00,RN,406,66.4,JANDAIRA,Outras,Capotamento,Com Vítimas Feridas,Pleno dia,Crescente,Sol,Simples,Reta,Rural,2015,4,0,0,1,3,0,1,1
83409171,2015-11-06,Sexta,11:12:00,RN,101,83.2,SAO GONCALO DO AMARANTE,Não guardar distância de segurança,Colisão traseira,Com Vítimas Feridas,Pleno dia,Crescente,Ceu Claro,Dupla,Reta,Urbano,2015,3,0,1,0,2,0,1,2
83409189,2015-11-06,Sexta,10:30:00,RN,101,85.0,SAO GONCALO DO AMARANTE,Falta de atenção,Colisão lateral,Sem Vítimas,Pleno dia,Crescente,Ceu Claro,Simples,Reta,Urbano,2015,2,0,0,0,2,0,0,2
83409195,2015-11-06,Sexta,08:30:00,RN,101,85.9,NATAL,Outras,Atropelamento de pessoa,Com Vítimas Fatais,Pleno dia,Decrescente,Sol,Dupla,Reta,Urbano,2015,2,1,0,0,1,0,0,1
83409211,2015-11-06,Sexta,15:20:00,RN,101,116.5,SAO JOSE DE MIPIBU,Defeito mecânico em veículo,Saída de Pista,Com Vítimas Feridas,Pleno dia,Decrescente,Ceu Claro,Dupla,Reta,Rural,2015,3,0,1,0,2,0,1,1
83409236,2015-11-06,Sexta,13:17:00,RN,101,94.5,NATAL,Falta de atenção,Colisão traseira,Com Vítimas Feridas,Pleno dia,Decrescente,Sol,Múltipla,Reta,Urbano,2015,3,0,1,0,2,0,1,3
83409266,2015-11-06,Sexta,17:00:00,RN,226,175.4,CURRAIS NOVOS,Outras,Atropelamento de pessoa,Com Vítimas Feridas,Pleno dia,Crescente,Ceu Claro,Dupla,Reta,Urbano,2015,2,0,0,2,0,0,2,1
83409427,2015-11-06,Sexta,08:55:00,RN,304,13.7,MOSSORO,Dormindo,Colisão traseira,Com Vítimas Fatais,Pleno dia,Crescente,Sol,Simples,Cruzamento,Rural,2015,4,1,0,0,3,0,0,3
83409461,2015-11-05,Quinta,04:30:00,RN,304,0.0,MOSSORO,Falta de atenção,Colisão Transversal,Sem Vítimas,Amanhecer,Crescente,Ceu Claro,Simples,Reta,Rural,2015,2,0,0,0,1,1,0,2
83409484,2015-10-30,Sexta,09:30:00,RN,406,130.0,TAIPU,Outras,Colisão Transversal,Sem Vítimas,Pleno dia,Crescente,Ceu Claro,Simples,Reta,Urbano,2015,3,0,0,0,3,0,0,3
83409516,2015-11-07,Sábado,05:35:00,RN,110,49.5,MOSSORO,Outras,Colisão com objeto fixo,Ignorado,Amanhecer,Decrescente,Ceu Claro,Dupla,Reta,Urbano,2015,1,0,0,0,0,1,0,1
83409559,2015-11-07,Sábado,18:35:00,RN,101,101.9,PARNAMIRIM,Falta de atenção,Colisão frontal,Com Vítimas Feridas,Plena noite,Crescente,Ceu Claro,Dupla,Cruzamento,Urbano,2015,2,0,1,0,1,0,1,2
83409564,2015-11-07,Sábado,19:15:00,RN,101,95.2,NATAL,Outras,Colisão com objeto fixo,Com Vítimas Feridas,Plena noite,Decrescente,Ceu Claro,Dupla,Curva,Urbano,2015,1,0,1,0,0,0,1,1
83409597,2015-11-07,Sábado,19:30:00,RN,110,37.1,MOSSORO,Animais na Pista,Atropelamento de animal,Com Vítimas Feridas,Plena noite,Crescente,Ceu Claro,Simples,Reta,Rural,2015,4,0,2,0,1,1,2,2
83409628,2015-11-07,Sábado,19:00:00,RN,226,174.9,CURRAIS NOVOS,Outras,Queda de motocicleta / bicicleta / veículo,Com Vítimas Feridas,Plena noite,Decrescente,Ceu Claro,Dupla,Curva,Urbano,2015,1,0,1,0,0,0,1,1
83409652,2015-10-31,Sábado,15:00:00,RN,101,101.9,PARNAMIRIM,Não guardar distância de segurança,Colisão traseira,Sem Vítimas,Pleno dia,Decrescente,Ceu Claro,Dupla,Reta,Urbano,2015,3,0,0,0,3,0,0,3
83409665,2015-11-01,Domingo,03:00:00,RN,101,111.6,PARNAMIRIM,Animais na Pista,Atropelamento de animal,Com Vítimas Feridas,Plena noite,Crescente,Ceu Claro,Dupla,Reta,Urbano,2015,2,0,2,0,0,0,2,1
83409688,2015-11-04,Quarta,18:15:00,RN,304,24.3,MOSSORO,Defeito na via,Saída de Pista,Com Vítimas Feridas,Plena noite,Crescente,Ceu Claro,Dupla,Cruzamento,Rural,2015,2,0,1,0,1,0,1,1
83409689,2015-11-08,Domingo,08:00:00,RN,427,100.3,CAICO,Ingestão de álcool,Colisão lateral,Com Vítimas Feridas,Plena noite,Crescente,Ceu Claro,Simples,Reta,Urbano,2015,3,0,0,1,2,0,1,3
83409988,2015-11-09,Segunda,12:05:00,RN,304,40.2,MOSSORO,Falta de atenção,Saída de Pista,Com Vítimas Feridas,Pleno dia,Crescente,Ceu Claro,Dupla,Reta,Urbano,2015,3,0,1,0,2,0,1,2
83409992,2015-11-07,Sábado,21:25:00,RN,226,175.3,CURRAIS NOVOS,Desobediência à sinalização,Colisão Transversal,Com Vítimas Feridas,Anoitecer,Decrescente,Ceu Claro,Dupla,Reta,Urbano,2015,3,0,1,2,0,0,3,2
83410048,2015-11-09,Segunda,11:30:00,RN,405,3.1,MOSSORO,Falta de atenção,Queda de motocicleta / bicicleta / veículo,Com Vítimas Feridas,Pleno dia,Crescente,Nublado,Simples,Reta,Urbano,2015,1,0,1,0,0,0,1,1
83410055,2015-11-06,Sexta,18:00:00,RN,226,6.0,NATAL,Animais na Pista,Atropelamento de animal,Sem Vítimas,Plena noite,Crescente,Ceu Claro,Simples,Curva,Urbano,2015,1,0,0,0,1,0,0,1
83410058,2015-11-09,Segunda,14:40:00,RN,101,83.3,SAO GONCALO DO AMARANTE,Não guardar distância de segurança,Colisão traseira,Com Vítimas Feridas,Pleno dia,Crescente,Sol,Dupla,Reta,Urbano,2015,2,0,0,1,1,0,1,2
83410115,2015-11-09,Segunda,18:40:00,RN,110,49.7,MOSSORO,Animais na Pista,Atropelamento de animal,Com Vítimas Feridas,Plena noite,Decrescente,Ceu Claro,Dupla,Reta,Urbano,2015,1,0,0,1,0,0,1,1
83410139,2015-11-09,Segunda,21:15:00,RN,304,50.2,MOSSORO,Outras,Queda de motocicleta / bicicleta / veículo,Com Vítimas Feridas,Plena noite,Crescente,Ceu Claro,Dupla,Curva,Urbano,2015,1,0,0,1,0,0,1,1
83410166,2015-11-09,Segunda,18:40:00,RN,110,47.4,MOSSORO,Outras,Colisão traseira,Com Vítimas Fatais,Plena noite,Crescente,Ceu Claro,Simples,Reta,Urbano,2015,2,1,0,0,1,0,0,2
83410224,2015-11-06,Sexta,18:40:00,RN,226,4.2,NATAL,Ingestão de álcool,Colisão Transversal,Com Vítimas Feridas,Plena noite,Decrescente,Nublado,Simples,Curva,Urbano,2015,3,0,1,0,2,0,1,2
83410244,2015-11-06,Sexta,11:01:00,RN,101,86.0,NATAL,Não guardar distância de segurança,Colisão traseira,Com Vítimas Feridas,Pleno dia,Decrescente,Sol,Dupla,Reta,Urbano,2015,4,0,0,1,3,0,1,4
83410316,2015-11-05,Quinta,13:30:00,RN,101,94.0,NATAL,Falta de atenção,Colisão Transversal,Com Vítimas Feridas,Pleno dia,Decrescente,Ceu Claro,Múltipla,Reta,Urbano,2015,2,0,1,0,1,0,1,2
83410327,2015-11-10,Terça,15:50:00,RN,101,96.2,NATAL,Defeito mecânico em veículo,Colisão traseira,Com Vítimas Feridas,Pleno dia,Decrescente,Nublado,Múltipla,Reta,Urbano,2015,2,0,1,0,1,0,1,2
83410329,2015-11-10,Terça,16:00:00,RN,406,35.0,PEDRO AVELINO,Outras,Colisão traseira,Sem Vítimas,Pleno dia,Crescente,Ceu Claro,Simples,Reta,Urbano,2015,2,0,0,0,2,0,0,2
83410357,2015-11-10,Terça,22:00:00,RN,101,115.0,SAO JOSE DE MIPIBU,Falta de atenção,Queda de motocicleta / bicicleta / veículo,Com Vítimas Feridas,Plena noite,Crescente,Ceu Claro,Dupla,Reta,Urbano,2015,1,0,1,0,0,0,1,1
83410426,2015-11-11,Quarta,07:15:00,RN,101,80.0,SAO GONCALO DO AMARANTE,Desobediência à sinalização,Colisão lateral,Com Vítimas Feridas,Pleno dia,Crescente,Ceu Claro,Dupla,Cruzamento,Urbano,2015,2,0,1,0,0,1,1,2
83410509,2015-11-11,Quarta,12:50:00,RN,101,77.0,NATAL,Falta de atenção,Colisão Transversal,Sem Vítimas,Pleno dia,Decrescente,Ceu Claro,Dupla,Reta,Urbano,2015,2,0,0,0,2,0,0,2
83410570,2015-11-11,Quarta,16:00:00,RN,110,50.0,MOSSORO,Defeito mecânico em veículo,Saída de Pista,Sem Vítimas,Pleno dia,Crescente,Ceu Claro,Dupla,Reta,Urbano,2015,1,0,0,0,1,0,0,1
83410608,2015-11-11,Quarta,19:51:00,RN,110,44.9,MOSSORO,Outras,Colisão traseira,Com Vítimas Feridas,Plena noite,Decrescente,Ceu Claro,Simples,Reta,Urbano,2015,2,0,2,0,0,0,2,2
83410711,2015-10-23,Sexta,09:30:00,RN,406,169.5,SAO GONCALO DO AMARANTE,Falta de atenção,Colisão Transversal,Com Vítimas Feridas,Pleno dia,Decrescente,Ceu Claro,Simples,Reta,Urbano,2015,2,0,0,1,0,1,1,2
83410722,2015-11-08,Domingo,23:55:00,RN,226,107.8,SANTA CRUZ,Outras,Colisão frontal,Com Vítimas Fatais,Plena noite,Crescente,Ceu Claro,Simples,Reta,Rural,2015,5,1,0,0,4,0,0,2
83410838,2015-11-12,Quinta,12:05:00,RN,101,106.9,PARNAMIRIM,Outras,Atropelamento de pessoa,Com Vítimas Feridas,Pleno dia,Crescente,Sol,Dupla,Reta,Urbano,2015,2,0,0,1,1,0,1,1
83410935,2015-11-13,Sexta,01:15:00,RN,304,35.1,MOSSORO,Dormindo,Colisão com objeto fixo,Sem Vítimas,Plena noite,Decrescente,Ceu Claro,Dupla,Reta,Urbano,2015,1,0,0,0,1,0,0,1
83411118,2015-10-28,Quarta,15:50:00,RN,406,166.2,SAO GONCALO DO AMARANTE,Defeito mecânico em veículo,Colisão traseira,Sem Vítimas,Pleno dia,Decrescente,Sol,Dupla,Reta,Rural,2015,4,0,0,0,4,0,0,4
83411134,2015-11-13,Sexta,18:40:00,RN,101,98.0,NATAL,Ingestão de álcool,Atropelamento de pessoa,Com Vítimas Feridas,Plena noite,Crescente,Ceu Claro,Dupla,Reta,Urbano,2015,2,0,1,0,0,1,1,1
83411141,2015-11-13,Sexta,18:00:00,RN,304,46.9,MOSSORO,Outras,Atropelamento de pessoa,Com Vítimas Feridas,Plena noite,Crescente,Ceu Claro,Dupla,Reta,Urbano,2015,2,0,1,0,0,1,1,1
83411175,2015-11-13,Sexta,19:00:00,RN,110,47.4,MOSSORO,Falta de atenção,Colisão traseira,Com Vítimas Feridas,Plena noite,Crescente,Ceu Claro,Simples,Reta,Urbano,2015,3,0,1,0,1,1,1,2
83411314,2015-11-14,Sábado,11:55:00,RN,101,107.7,PARNAMIRIM,Não guardar distância de segurança,Colisão traseira,Sem Vítimas,Pleno dia,Crescente,Ceu Claro,Dupla,Cruzamento,Urbano,2015,3,0,0,0,3,0,0,3
83411338,2015-11-14,Sábado,17:40:00,RN,226,16.0,MACAIBA,Falta de atenção,Colisão lateral,Com Vítimas Feridas,Plena noite,Decrescente,Ceu Claro,Simples,Reta,Urbano,2015,2,0,1,0,1,0,1,2
83411415,2015-11-14,Sábado,18:00:00,RN,101,121.7,SAO JOSE DE MIPIBU,Ingestão de álcool,Atropelamento de pessoa,Com Vítimas Feridas,Plena noite,Decrescente,Ceu Claro,Dupla,Reta,Rural,2015,2,0,1,0,1,0,1,1
83411421,2015-11-14,Sábado,18:00:00,RN,405,80.8,APODI,Ingestão de álcool,Colisão lateral,Com Vítimas Fatais,Anoitecer,Decrescente,Ceu Claro,Simples,Reta,Rural,2015,2,1,0,0,1,0,0,2
83411459,2015-11-09,Segunda,17:30:00,RN,427,101.5,CAICO,Outras,Queda de motocicleta / bicicleta / veículo,Com Vítimas Feridas,Pleno dia,Crescente,Ceu Claro,Simples,Reta,Urbano,2015,2,0,2,0,0,0,2,1
83411471,2015-11-12,Quinta,06:20:00,RN,101,82.9,SAO GONCALO DO AMARANTE,Outras,Queda de motocicleta / bicicleta / veículo,Com Vítimas Feridas,Pleno dia,Crescente,Ceu Claro,Dupla,Reta,Urbano,2015,1,0,1,0,0,0,1,1
83411509,2015-11-15,Domingo,09:00:00,RN,101,35.2,MAXARANGUAPE,Defeito mecânico em veículo,Colisão Transversal,Com Vítimas Feridas,Pleno dia,Decrescente,Ceu Claro,Simples,Reta,Rural,2015,5,0,4,1,0,0,5,2
83411622,2015-11-13,Sexta,12:55:00,RN,226,84.0,TANGARA,Ultrapassagem indevida,Colisão lateral,Com Vítimas Feridas,Pleno dia,Decrescente,Ceu Claro,Simples,Reta,Urbano,2015,2,0,1,0,0,1,1,2
83411648,2015-11-15,Domingo,19:40:00,RN,101,109.0,PARNAMIRIM,Falta de atenção,Saída de Pista,Com Vítimas Feridas,Plena noite,Decrescente,Ceu Claro,Dupla,Curva,Rural,2015,2,0,1,0,1,0,1,1
83411688,2015-11-15,Domingo,20:45:00,RN,406,168.0,SAO GONCALO DO AMARANTE,Não guardar distância de segurança,Colisão traseira,Com Vítimas Feridas,Plena noite,Crescente,Ceu Claro,Dupla,Reta,Urbano,2015,3,0,2,0,1,0,2,2
83411852,2015-11-16,Segunda,07:31:00,RN,405,3.5,MOSSORO,Falta de atenção,Colisão Transversal,Com Vítimas Feridas,Pleno dia,Crescente,Sol,Simples,Reta,Urbano,2015,2,0,0,1,1,0,1,2
83411936,2015-11-02,Segunda,16:10:00,RN,304,295.3,MACAIBA,Não guardar distância de segurança,Colisão traseira,Sem Vítimas,Pleno dia,Crescente,Ceu Claro,Simples,Reta,Rural,2015,3,0,0,0,3,0,0,3
83412032,2015-11-17,Terça,02:20:00,RN,101,78.9,SAO GONCALO DO AMARANTE,Outras,Danos Eventuais,Sem Vítimas,Plena noite,Decrescente,Ceu Claro,Dupla,Reta,Urbano,2015,1,0,0,0,1,0,0,1
83412087,2015-11-02,Segunda,05:55:00,RN,101,78.3,SAO GONCALO DO AMARANTE,Falta de atenção,Colisão lateral,Sem Vítimas,Pleno dia,Crescente,Ceu Claro,Dupla,Reta,Urbano,2015,2,0,0,0,2,0,0,2
83412218,2015-11-17,Terça,13:45:00,RN,304,46.6,MOSSORO,Outras,Colisão traseira,Com Vítimas Feridas,Pleno dia,Crescente,Sol,Dupla,Reta,Rural,2015,2,0,1,0,1,0,1,2
83412357,2015-11-16,Segunda,03:00:00,RN,304,148.1,ANGICOS,Outras,Atropelamento de pessoa,Com Vítimas Fatais,Plena noite,Crescente,Ceu Claro,Simples,Curva,Urbano,2015,2,1,0,0,1,0,0,1
83412500,2015-11-18,Quarta,12:40:00,RN,405,157.7,PAU DOS FERROS,Outras,Capotamento,Com Vítimas Feridas,Pleno dia,Crescente,Ceu Claro,Simples,Reta,Rural,2015,1,0,1,0,0,0,1,1
83412595,2015-11-19,Quinta,06:50:00,RN,427,100.0,CAICO,Ultrapassagem indevida,Colisão lateral,Com Vítimas Feridas,Pleno dia,Crescente,Ceu Claro,Simples,Reta,Urbano,2015,2,0,1,0,1,0,1,2
83412596,2015-11-19,Quinta,04:30:00,RN,304,271.1,SAO PEDRO,Dormindo,Saída de Pista,Com Vítimas Feridas,Amanhecer,Decrescente,Ceu Claro,Simples,Reta,Rural,2015,1,0,0,1,0,0,1,1
83412636,2015-11-12,Quinta,16:40:00,RN,110,47.8,MOSSORO,Outras,Colisão lateral,Com Vítimas Feridas,Pleno dia,Decrescente,Ceu Claro,Simples,Cruzamento,Urbano,2015,3,0,2,0,1,0,2,2
83412667,2015-11-19,Quinta,10:00:00,RN,304,288.8,MACAIBA,Ultrapassagem indevida,Colisão frontal,Com Vítimas Feridas,Pleno dia,Crescente,Ceu Claro,Simples,Reta,Rural,2015,5,0,3,0,2,0,3,2
83412767,2015-11-19,Quinta,03:05:00,RN,226,102.6,SANTA CRUZ,Outras,Queda de motocicleta / bicicleta / veículo,Com Vítimas Feridas,Plena noite,Crescente,Ceu Claro,Simples,Reta,Rural,2015,1,0,1,0,0,0,1,1
83412838,2015-11-19,Quinta,23:20:00,RN,110,49.7,MOSSORO,Ingestão de álcool,Queda de motocicleta / bicicleta / veículo,Com Vítimas Feridas,Pleno dia,Decrescente,Ceu Claro,Dupla,Reta,Urbano,2015,1,0,1,0,0,0,1,1
83412935,2015-11-14,Sábado,12:10:00,RN,110,46.9,MOSSORO,Falta de atenção,Colisão lateral,Com Vítimas Feridas,Pleno dia,Crescente,Ceu Claro,Simples,Reta,Urbano,2015,2,0,1,0,1,0,1,2
83412936,2015-11-19,Quinta,00:37:00,RN,101,96.3,NATAL,Ingestão de álcool,Capotamento,Sem Vítimas,Plena noite,Decrescente,Ceu Claro,Múltipla,Curva,Urbano,2015,2,0,0,0,2,0,0,1
83412940,2015-11-20,Sexta,07:40:00,RN,406,126.7,POCO BRANCO,Falta de atenção,Colisão Transversal,Com Vítimas Feridas,Pleno dia,Decrescente,Sol,Simples,Cruzamento,Rural,2015,2,0,1,0,1,0,1,2
83412943,2015-11-20,Sexta,07:00:00,RN,101,97.6,NATAL,Falta de atenção,Colisão lateral,Sem Vítimas,Pleno dia,Decrescente,Sol,Dupla,Reta,Urbano,2015,2,0,0,0,2,0,0,2
83413037,2015-11-20,Sexta,15:30:00,RN,406,168.0,NATAL,Falta de atenção,Colisão Transversal,Sem Vítimas,Pleno dia,Decrescente,Ceu Claro,Simples,Reta,Rural,2015,2,0,0,0,2,0,0,2
83413105,2015-11-20,Sexta,18:00:00,RN,405,3.8,MOSSORO,Animais na Pista,Atropelamento de animal,Com Vítimas Feridas,Anoitecer,Crescente,Ceu Claro,Simples,Reta,Urbano,2015,1,0,1,0,0,0,1,1
83413112,2015-11-20,Sexta,20:20:00,RN,406,166.8,SAO GONCALO DO AMARANTE,Outras,Queda de motocicleta / bicicleta / veículo,Com Vítimas Feridas,Plena noite,Crescente,Ceu Claro,Dupla,Reta,Rural,2015,2,0,0,1,0,1,1,1
83413116,2015-11-20,Sexta,20:50:00,RN,406,162.2,CEARA-MIRIM,Animais na Pista,Atropelamento de animal,Com Vítimas Feridas,Plena noite,Crescente,Ceu Claro,Simples,Reta,Urbano,2015,1,0,1,0,0,0,1,1
83413225,2015-11-21,Sábado,05:20:00,RN,101,83.8,SAO GONCALO DO AMARANTE,Falta de atenção,Atropelamento de pessoa,Com Vítimas Fatais,Anoitecer,Crescente,Ceu Claro,Dupla,Reta,Urbano,2015,2,1,0,0,1,0,0,1
83413304,2015-11-21,Sábado,07:30:00,RN,405,154.3,PAU DOS FERROS,Falta de atenção,Colisão traseira,Com Vítimas Feridas,Pleno dia,Crescente,Ceu Claro,Simples,Reta,Urbano,2015,4,0,1,0,1,2,1,4
83413349,2015-11-21,Sábado,15:20:00,RN,101,80.0,NATAL,Outras,Queda de motocicleta / bicicleta / veículo,Com Vítimas Feridas,Pleno dia,Decrescente,Sol,Múltipla,Reta,Urbano,2015,1,0,1,0,0,0,1,1
83413370,2015-11-18,Quarta,05:00:00,RN,304,189.0,LAJES,Defeito mecânico em veículo,Colisão Transversal,Com Vítimas Feridas,Amanhecer,Decrescente,Ceu Claro,Simples,Reta,Rural,2015,2,0,0,1,1,0,1,2
83413405,2015-11-21,Sábado,22:00:00,RN,101,106.0,PARNAMIRIM,Outras,Colisão traseira,Com Vítimas Feridas,Plena noite,Crescente,Ceu Claro,Dupla,Reta,Urbano,2015,2,0,1,0,1,0,1,2
83413408,2015-11-21,Sábado,21:15:00,RN,101,81.3,NATAL,Outras,Queda de motocicleta / bicicleta / veículo,Com Vítimas Feridas,Plena noite,Decrescente,Ceu Claro,Dupla,Reta,Urbano,2015,1,0,0,1,0,0,1,1
83413515,2015-11-22,Domingo,06:53:00,RN,304,291.6,MACAIBA,Ingestão de álcool,Capotamento,Com Vítimas Feridas,Pleno dia,Crescente,Ceu Claro,Simples,Reta,Rural,2015,1,0,1,0,0,0,1,1
83413571,2015-11-18,Quarta,08:45:00,RN,226,39.7,MACAIBA,Não guardar distância de segurança,Colisão lateral,Com Vítimas Feridas,Pleno dia,Crescente,Sol,Simples,Curva,Urbano,2015,2,0,1,0,1,0,1,2
83413611,2015-11-16,Segunda,07:40:00,RN,101,99.8,NATAL,Falta de atenção,Colisão traseira,Sem Vítimas,Pleno dia,Decrescente,Ceu Claro,Múltipla,Reta,Urbano,2015,3,0,0,0,3,0,0,3