id,data_inversa,dia_semana,horario,uf,br,km,municipio,causa_acidente,tipo_acidente,classificacao_acidente,fase_dia,sentido_via,condicao_metereologica,tipo_pista,tracado_via,uso_solo,ano,pessoas,mortos,feridos_leves,feridos_graves,ilesos,ignorados,feridos,veiculos
83413630,2015-11-22,Domingo,11:10:00,RN,101,107.0,PARNAMIRIM,Desobediência à sinalização,Colisão Transversal,Com Vítimas Feridas,Pleno dia,Crescente,Ceu Claro,Dupla,Reta,Urbano,2015,2,0,0,1,1,0,1,2
83413690,2015-11-22,Domingo,19:00:00,RN,304,44.6,MOSSORO,Outras,Queda de motocicleta / bicicleta / veículo,Com Vítimas Feridas,Anoitecer,Crescente,Ceu Claro,Dupla,Reta,Urbano,2015,1,0,1,0,0,0,1,1
83413775,2015-11-13,Sexta,16:45:00,RN,101,98.7,NATAL,Outras,Atropelamento de pessoa,Com Vítimas Feridas,Pleno dia,Decrescente,Ceu Claro,Dupla,Reta,Urbano,2015,3,0,2,0,1,0,2,1
83414255,2015-11-22,Domingo,15:30:00,RN,304,26.7,MOSSORO,Falta de atenção,Colisão Transversal,Com Vítimas Feridas,Pleno dia,Decrescente,Ceu Claro,Simples,Reta,Rural,2015,3,0,2,0,0,1,2,2
83414354,2015-11-24,Terça,20:40:00,RN,101,128.0,SAO JOSE DE MIPIBU,Outras,Colisão traseira,Com Vítimas Feridas,Plena noite,Crescente,Ceu Claro,Dupla,Reta,Rural,2015,2,0,1,0,0,1,1,2
83414385,2015-11-24,Terça,17:00:00,RN,405,48.2,FELIPE GUERRA,Animais na Pista,Saída de Pista,Com Vítimas Feridas,Anoitecer,Decrescente,Ceu Claro,Simples,Reta,Rural,2015,2,0,0,2,0,0,2,1
83414488,2015-11-21,Sábado,22:30:00,RN,304,56.0,MOSSORO,Ingestão de álcool,Queda de motocicleta / bicicleta / veículo,Com Vítimas Feridas,Plena noite,Decrescente,Ceu Claro,Simples,Reta,Rural,2015,1,0,1,0,0,0,1,1
83414532,2015-11-22,Domingo,03:45:00,RN,101,108.0,PARNAMIRIM,Outras,Colisão traseira,Com Vítimas Feridas,Plena noite,Decrescente,Ceu Claro,Dupla,Reta,Urbano,2015,2,0,1,1,0,0,2,2
83414546,2015-11-25,Quarta,09:00:00,RN,101,94.0,NATAL,Não guardar distância de segurança,Colisão traseira,Sem Vítimas,Pleno dia,Decrescente,Sol,Dupla,Reta,Urbano,2015,4,0,0,0,4,0,0,4
83414595,2015-11-25,Quarta,20:00:00,RN,427,99.2,CAICO,Falta de atenção,Colisão lateral,Com Vítimas Feridas,Plena noite,Decrescente,Ceu Claro,Simples,Cruzamento,Urbano,2015,2,0,0,1,1,0,1,2
83414751,2015-11-26,Quinta,06:50:00,RN,226,0.3,NATAL,Outras,Colisão lateral,Com Vítimas Feridas,Pleno dia,Decrescente,Sol,Simples,Curva,Urbano,2015,3,0,2,0,1,0,2,2
83414774,2015-11-26,Quinta,15:30:00,RN,304,81.9,ASSU,Defeito mecânico em veículo,Saída de Pista,Com Vítimas Feridas,Pleno dia,Crescente,Ceu Claro,Simples,Reta,Rural,2015,2,0,2,0,0,0,2,1
83414835,2015-11-26,Quinta,16:40:00,RN,101,98.3,NATAL,Não guardar distância de segurança,Colisão traseira,Com Vítimas Feridas,Pleno dia,Crescente,Ignorada,Dupla,Reta,Urbano,2015,5,0,2,0,2,1,2,4
83414838,2015-11-26,Quinta,15:00:00,RN,406,98.0,JOAO CAMARA,Outras,Colisão lateral,Com Vítimas Feridas,Pleno dia,Decrescente,Ceu Claro,Simples,Reta,Rural,2015,5,0,1,0,4,0,1,5
83415019,2015-11-27,Sexta,11:30:00,RN,101,108.0,PARNAMIRIM,Desobediência à sinalização,Colisão Transversal,Sem Vítimas,Pleno dia,Decrescente,Ceu Claro,Dupla,Reta,Urbano,2015,3,0,0,0,2,1,0,3
83415034,2015-11-27,Sexta,12:20:00,RN,226,110.9,SANTA CRUZ,Falta de atenção,Colisão Transversal,Com Vítimas Feridas,Pleno dia,Crescente,Ceu Claro,Simples,Reta,Urbano,2015,2,0,1,1,0,0,2,2
83415082,2015-09-12,Sábado,07:45:00,RN,101,83.2,SAO GONCALO DO AMARANTE,Não guardar distância de segurança,Colisão traseira,Sem Vítimas,Pleno dia,Crescente,Ceu Claro,Simples,Reta,Urbano,2015,3,0,0,0,3,0,0,3
83415093,2015-11-27,Sexta,18:00:00,RN,427,102.1,CAICO,Outras,Atropelamento de pessoa,Com Vítimas Feridas,Plena noite,Decrescente,Ceu Claro,Simples,Curva,Urbano,2015,2,0,1,0,1,0,1,1
83415123,2015-11-27,Sexta,18:00:00,RN,405,8.9,MOSSORO,Outras,Colisão com bicicleta,Com Vítimas Feridas,Anoitecer,Crescente,Ceu Claro,Simples,Reta,Rural,2015,2,0,1,0,0,1,1,2
83415130,2015-11-27,Sexta,17:10:00,RN,304,296.5,MACAIBA,Não guardar distância de segurança,Colisão traseira,Com Vítimas Feridas,Anoitecer,Crescente,Ceu Claro,Simples,Reta,Urbano,2015,5,0,1,0,4,0,1,5
83415138,2015-11-27,Sexta,11:00:00,RN,405,142.7,PAU DOS FERROS,Defeito na via,Saída de Pista,Com Vítimas Feridas,Pleno dia,Crescente,Ceu Claro,Simples,Reta,Rural,2015,2,0,1,0,1,0,1,2
83415161,2015-11-27,Sexta,21:00:00,RN,101,105.0,PARNAMIRIM,Falta de atenção,Colisão Transversal,Com Vítimas Feridas,Plena noite,Crescente,Ceu Claro,Simples,Reta,Urbano,2015,2,0,1,0,1,0,1,2
83415170,2015-11-27,Sexta,18:10:00,RN,304,38.5,MOSSORO,Falta de atenção,Colisão Transversal,Com Vítimas Feridas,Anoitecer,Crescente,Ceu Claro,Dupla,Reta,Urbano,2015,3,0,1,0,2,0,1,2
83415212,2015-11-27,Sexta,19:03:00,RN,405,2.5,MOSSORO,Falta de atenção,Colisão com bicicleta,Com Vítimas Feridas,Plena noite,Decrescente,Ceu Claro,Dupla,Reta,Urbano,2015,2,0,0,1,1,0,1,2
83415367,2015-11-20,Sexta,13:00:00,RN,304,47.0,MOSSORO,Falta de atenção,Saída de Pista,Com Vítimas Feridas,Pleno dia,Crescente,Ceu Claro,Dupla,Cruzamento,Urbano,2015,1,0,1,0,0,0,1,1
83415390,2015-11-28,Sábado,20:00:00,RN,304,47.0,MOSSORO,Desobediência à sinalização,Colisão frontal,Com Vítimas Feridas,Plena noite,Crescente,Ceu Claro,Dupla,Reta,Urbano,2015,2,0,0,1,1,0,1,2
83415420,2015-11-28,Sábado,20:20:00,RN,226,174.8,CURRAIS NOVOS,Desobediência à sinalização,Colisão Transversal,Com Vítimas Feridas,Plena noite,Crescente,Ceu Claro,Simples,Reta,Urbano,2015,2,0,0,1,1,0,1,2
83415456,2015-11-28,Sábado,20:30:00,RN,101,103.0,PARNAMIRIM,Ingestão de álcool,Colisão lateral,Sem Vítimas,Plena noite,Decrescente,Ceu Claro,Dupla,Reta,Urbano,2015,2,0,0,0,2,0,0,2
83415538,2015-11-29,Domingo,07:30:00,RN,101,96.7,NATAL,Outras,Colisão com objeto fixo,Com Vítimas Feridas,Pleno dia,Crescente,Ceu Claro,Dupla,Curva,Urbano,2015,1,0,1,0,0,0,1,1
83415637,2015-11-29,Domingo,11:30:00,RN,405,49.1,FELIPE GUERRA,Defeito mecânico em veículo,Danos Eventuais,Com Vítimas Feridas,Pleno dia,Decrescente,Ceu Claro,Simples,Reta,Rural,2015,2,0,0,1,1,0,1,1
83415648,2015-11-29,Domingo,14:15:00,RN,101,82.9,SAO GONCALO DO AMARANTE,Outras,Colisão lateral,Com Vítimas Feridas,Pleno dia,Crescente,Sol,Dupla,Reta,Urbano,2015,3,0,1,1,1,0,2,2
83415689,2015-11-29,Domingo,18:15:00,RN,304,4.2,MOSSORO,Outras,Colisão Transversal,Com Vítimas Feridas,Plena noite,Crescente,Ceu Claro,Simples,Reta,Rural,2015,2,0,0,2,0,0,2,2
83415701,2015-11-25,Quarta,09:30:00,RN,101,83.0,NATAL,Falta de atenção,Colisão lateral,Com Vítimas Feridas,Pleno dia,Decrescente,Ceu Claro,Dupla,Reta,Urbano,2015,2,0,0,1,1,0,1,2
83415718,2015-11-25,Quarta,19:15:00,RN,101,104.3,PARNAMIRIM,Outras,Colisão traseira,Com Vítimas Feridas,Plena noite,Crescente,Ceu Claro,Dupla,Reta,Urbano,2015,2,0,1,0,1,0,1,2
83415726,2015-11-29,Domingo,18:25:00,RN,101,126.0,SAO JOSE DE MIPIBU,Outras,Colisão traseira,Sem Vítimas,Plena noite,Crescente,Ceu Claro,Dupla,Curva,Urbano,2015,2,0,0,0,2,0,0,2
83415773,2015-11-29,Domingo,19:25:00,RN,110,49.2,MOSSORO,Outras,Colisão frontal,Com Vítimas Feridas,Plena noite,Decrescente,Ceu Claro,Dupla,Reta,Urbano,2015,2,0,1,1,0,0,2,2
83415799,2015-11-25,Quarta,12:00:00,RN,101,97.1,NATAL,Não guardar distância de segurança,Colisão traseira,Com Vítimas Feridas,Pleno dia,Decrescente,Ceu Claro,Múltipla,Reta,Urbano,2015,6,0,1,0,5,0,1,6
83415828,2015-11-30,Segunda,07:45:00,RN,405,0.7,MOSSORO,Outras,Queda de motocicleta / bicicleta / veículo,Com Vítimas Feridas,Pleno dia,Decrescente,Ceu Claro,Simples,Reta,Urbano,2015,2,0,2,0,0,0,2,1
83415979,2015-11-30,Segunda,11:30:00,RN,405,151.0,PAU DOS FERROS,Outras,Colisão Transversal,Sem Vítimas,Pleno dia,Decrescente,Ceu Claro,Simples,Reta,Urbano,2015,2,0,0,0,2,0,0,2
83415985,2015-11-30,Segunda,15:50:00,RN,101,84.3,NATAL,Falta de atenção,Colisão traseira,Com Vítimas Feridas,Pleno dia,Decrescente,Ceu Claro,Dupla,Reta,Urbano,2015,2,0,0,1,1,0,1,2
83416000,2015-11-27,Sexta,18:00:00,RN,405,114.2,ITAU,Outras,Atropelamento de pessoa,Com Vítimas Fatais,Plena noite,Crescente,Ceu Claro,Simples,Reta,Rural,2015,2,1,0,0,0,1,0,1
83416001,2015-11-30,Segunda,21:29:00,RN,101,150.0,GOIANINHA,Outras,Danos Eventuais,Ignorado,Plena noite,Decrescente,Ignorada,Dupla,Reta,Urbano,2015,1,0,0,0,0,1,0,1
83416022,2015-11-30,Segunda,07:40:00,RN,405,0.7,MOSSORO,Outras,Queda de motocicleta / bicicleta / veículo,Com Vítimas Feridas,Pleno dia,Decrescente,Sol,Dupla,Reta,Urbano,2015,2,0,1,0,1,0,1,2
83416097,2015-12-01,Terça,06:00:00,RN,101,97.6,NATAL,Não guardar distância de segurança,Colisão traseira,Com Vítimas Feridas,Pleno dia,Decrescente,Nublado,Múltipla,Reta,Urbano,2015,2,0,1,0,1,0,1,2
83416099,2015-11-26,Quinta,06:50:00,RN,304,46.6,MOSSORO,Falta de atenção,Colisão Transversal,Com Vítimas Feridas,Pleno dia,Decrescente,Ceu Claro,Dupla,Reta,Urbano,2015,2,0,1,0,1,0,1,2
83416134,2015-12-01,Terça,10:30:00,RN,101,84.5,NATAL,Não guardar distância de segurança,Colisão traseira,Com Vítimas Feridas,Pleno dia,Crescente,Sol,Dupla,Reta,Urbano,2015,2,0,1,0,1,0,1,2
83416221,2015-12-01,Terça,16:50:00,RN,101,104.0,PARNAMIRIM,Falta de atenção,Colisão lateral,Com Vítimas Feridas,Pleno dia,Decrescente,Ceu Claro,Dupla,Reta,Urbano,2015,2,0,1,0,0,1,1,2
83416319,2015-12-01,Terça,20:20:00,RN,304,36.8,MOSSORO,Falta de atenção,Colisão Transversal,Com Vítimas Feridas,Plena noite,Crescente,Ceu Claro,Dupla,Reta,Urbano,2015,2,0,0,1,1,0,1,2
83416355,2015-11-22,Domingo,20:41:00,RN,101,81.0,NATAL,Não guardar distância de segurança,Colisão traseira,Sem Vítimas,Plena noite,Decrescente,Vento,Dupla,Cruzamento,Urbano,2015,2,0,0,0,2,0,0,2
83416398,2015-11-28,Sábado,22:15:00,RN,304,104.4,ASSU,Ultrapassagem indevida,Colisão frontal,Com Vítimas Fatais,Plena noite,Decrescente,Ignorada,Simples,Reta,Rural,2015,2,1,0,0,1,0,0,2
83416401,2015-12-02,Quarta,10:15:00,RN,406,150.0,CEARA-MIRIM,Outras,Colisão com objeto fixo,Com Vítimas Feridas,Pleno dia,Decrescente,Ceu Claro,Simples,Reta,Urbano,2015,4,0,1,1,2,0,2,2
83416404,2015-12-02,Quarta,10:40:00,RN,101,85.5,NATAL,Falta de atenção,Colisão lateral,Com Vítimas Feridas,Pleno dia,Decrescente,Sol,Dupla,Reta,Urbano,2015,2,0,1,0,1,0,1,2
83416585,2015-12-02,Quarta,13:00:00,RN,304,47.0,MOSSORO,Ingestão de álcool,Colisão traseira,Com Vítimas Feridas,Pleno dia,Decrescente,Ceu Claro,Dupla,Reta,Urbano,2015,2,0,1,0,1,0,1,2
83416646,2015-10-03,Sábado,18:50:00,RN,101,113.0,SAO JOSE DE MIPIBU,Outras,Atropelamento de pessoa,Com Vítimas Fatais,Plena noite,Decrescente,Ceu Claro,Dupla,Reta,Rural,2015,2,1,0,0,1,0,0,1
83416690,2015-12-02,Quarta,09:10:00,RN,101,81.0,SAO GONCALO DO AMARANTE,Falta de atenção,Colisão Transversal,Sem Vítimas,Pleno dia,Crescente,Ceu Claro,Dupla,Reta,Urbano,2015,2,0,0,0,2,0,0,2
83416737,2015-12-03,Quinta,14:00:00,RN,304,84.4,ASSU,Dormindo,Colisão traseira,Com Vítimas Feridas,Pleno dia,Decrescente,Sol,Simples,Reta,Rural,2015,3,0,1,0,2,0,1,2
83416862,2015-12-03,Quinta,21:45:00,RN,101,104.4,PARNAMIRIM,Outras,Tombamento,Com Vítimas Feridas,Plena noite,Crescente,Ceu Claro,Múltipla,Curva,Urbano,2015,3,0,2,0,0,1,2,2
83416891,2015-11-26,Quinta,22:15:00,RN,101,96.2,NATAL,Falta de atenção,Atropelamento de pessoa,Com Vítimas Feridas,Plena noite,Crescente,Ceu Claro,Dupla,Reta,Urbano,2015,2,0,1,1,0,0,2,1
83416912,2015-12-01,Terça,06:40:00,RN,304,43.0,MOSSORO,Falta de atenção,Colisão frontal,Com Vítimas Feridas,Amanhecer,Decrescente,Ceu Claro,Dupla,Reta,Urbano,2015,2,0,1,0,1,0,1,2
83416959,2015-12-04,Sexta,11:50:00,RN,304,38.4,MOSSORO,Falta de atenção,Colisão traseira,Com Vítimas Feridas,Pleno dia,Crescente,Ceu Claro,Dupla,Reta,Urbano,2015,3,0,0,2,1,0,2,2
83416984,2015-12-04,Sexta,11:30:00,RN,304,47.7,MOSSORO,Falta de atenção,Colisão Transversal,Com Vítimas Feridas,Pleno dia,Decrescente,Ceu Claro,Dupla,Reta,Urbano,2015,2,0,1,0,1,0,1,2
83417001,2015-12-04,Sexta,09:10:00,RN,226,0.8,NATAL,Falta de atenção,Colisão Transversal,Com Vítimas Feridas,Pleno dia,Decrescente,Sol,Simples,Curva,Urbano,2015,3,0,2,0,1,0,2,2
83417003,2015-12-04,Sexta,06:30:00,RN,110,49.4,MOSSORO,Outras,Colisão traseira,Com Vítimas Feridas,Pleno dia,Decrescente,Ceu Claro,Dupla,Reta,Urbano,2015,2,0,1,0,1,0,1,2
83417104,2015-12-04,Sexta,16:40:00,RN,406,100.5,JOAO CAMARA,Falta de atenção,Colisão Transversal,Com Vítimas Fatais,Anoitecer,Crescente,Ceu Claro,Simples,Reta,Urbano,2015,3,1,0,1,0,1,1,2
83417199,2015-12-01,Terça,08:50:00,RN,101,100.5,PARNAMIRIM,Outras,Colisão lateral,Com Vítimas Feridas,Pleno dia,Decrescente,Ceu Claro,Dupla,Reta,Urbano,2015,2,0,1,0,1,0,1,2
83417213,2015-12-02,Quarta,01:40:00,RN,405,72.1,APODI,Dormindo,Saída de Pista,Com Vítimas Feridas,Plena noite,Crescente,Ceu Claro,Simples,Reta,Rural,2015,2,0,2,0,0,0,2,1
83417410,2015-12-05,Sábado,17:00:00,RN,226,341.2,PATU,Falta de atenção,Queda de motocicleta / bicicleta / veículo,Com Vítimas Feridas,Pleno dia,Decrescente,Ceu Claro,Simples,Curva,Rural,2015,1,0,1,0,0,0,1,1
83417429,2015-12-01,Terça,10:40:00,RN,101,82.0,NATAL,Não guardar distância de segurança,Colisão traseira,Com Vítimas Feridas,Plena noite,Decrescente,Ceu Claro,Dupla,Reta,Urbano,2015,2,0,1,0,1,0,1,2
83417531,2015-12-05,Sábado,15:30:00,RN,427,55.1,JARDIM DO SERIDO,Não guardar distância de segurança,Colisão lateral,Com Vítimas Feridas,Pleno dia,Crescente,Ceu Claro,Simples,Curva,Urbano,2015,3,0,2,0,0,1,2,2
83417765,2015-10-06,Terça,20:00:00,RN,101,124.6,SAO JOSE DE MIPIBU,Outras,Colisão Transversal,Sem Vítimas,Plena noite,Crescente,Ceu Claro,Dupla,Cruzamento,Urbano,2015,2,0,0,0,2,0,0,2
83417812,2015-12-07,Segunda,06:15:00,RN,101,84.6,SAO GONCALO DO AMARANTE,Não guardar distância de segurança,Colisão traseira,Com Vítimas Feridas,Pleno dia,Crescente,Sol,Dupla,Reta,Urbano,2015,3,0,0,2,1,0,2,2
83417856,2015-12-03,Quinta,08:30:00,RN,101,99.9,PARNAMIRIM,Outras,Colisão Transversal,Sem Vítimas,Pleno dia,Decrescente,Ceu Claro,Dupla,Cruzamento,Urbano,2015,2,0,0,0,2,0,0,2
83417873,2015-03-10,Terça,09:45:00,RN,110,47.4,MOSSORO,Outras,Queda de motocicleta / bicicleta / veículo,Com Vítimas Feridas,Pleno dia,Crescente,Ceu Claro,Simples,Reta,Urbano,2015,1,0,0,1,0,0,1,1
83417985,2015-12-07,Segunda,09:00:00,RN,101,102.1,PARNAMIRIM,Não guardar distância de segurança,Colisão traseira,Com Vítimas Feridas,Pleno dia,Decrescente,Ceu Claro,Dupla,Reta,Urbano,2015,2,0,1,0,1,0,1,2
83418006,2015-12-07,Segunda,18:30:00,RN,101,100.2,PARNAMIRIM,Outras,Queda de motocicleta / bicicleta / veículo,Com Vítimas Feridas,Plena noite,Crescente,Ceu Claro,Dupla,Reta,Urbano,2015,1,0,0,1,0,0,1,1
83418034,2015-12-07,Segunda,08:40:00,RN,101,80.0,SAO GONCALO DO AMARANTE,Falta de atenção,Colisão traseira,Com Vítimas Feridas,Pleno dia,Crescente,Ceu Claro,Dupla,Reta,Urbano,2015,3,0,2,0,1,0,2,2
83418035,2015-12-07,Segunda,15:30:00,RN,406,168.0,SAO GONCALO DO AMARANTE,Falta de atenção,Colisão traseira,Com Vítimas Feridas,Pleno dia,Decrescente,Ceu Claro,Simples,Reta,Urbano,2015,2,0,1,0,1,0,1,2
83418169,2015-12-08,Terça,09:00:00,RN,110,46.6,MOSSORO,Falta de atenção,Colisão Transversal,Com Vítimas Feridas,Pleno dia,Decrescente,Ceu Claro,Simples,Reta,Urbano,2015,2,0,0,1,1,0,1,2
83418247,2015-12-08,Terça,09:30:00,RN,101,84.0,SAO GONCALO DO AMARANTE,Falta de atenção,Colisão traseira,Com Vítimas Feridas,Plena noite,Crescente,Ceu Claro,Simples,Reta,Urbano,2015,3,0,1,1,1,0,2,2
83418253,2015-12-07,Segunda,07:00:00,RN,226,99.0,SANTA CRUZ,Dormindo,Colisão frontal,Com Vítimas Fatais,Pleno dia,Decrescente,Ceu Claro,Simples,Reta,Rural,2015,3,1,2,0,0,0,2,2
83418298,2015-12-08,Terça,19:10:00,RN,405,0.0,MOSSORO,Outras,Colisão Transversal,Com Vítimas Feridas,Plena noite,Decrescente,Ceu Claro,Dupla,Cruzamento,Urbano,2015,2,0,1,0,1,0,1,2
83418339,2015-12-08,Terça,21:00:00,RN,101,95.4,NATAL,Desobediência à sinalização,Colisão Transversal,Com Vítimas Feridas,Plena noite,Crescente,Ceu Claro,Múltipla,Cruzamento,Urbano,2015,3,0,1,1,1,0,2,2
83418508,2015-12-05,Sábado,01:30:00,RN,101,104.0,PARNAMIRIM,Desobediência à sinalização,Colisão frontal,Com Vítimas Feridas,Plena noite,Crescente,Ceu Claro,Dupla,Reta,Urbano,2015,2,0,1,1,0,0,2,2
83418519,2015-12-09,Quarta,07:00:00,RN,406,22.3,MACAU,Falta de atenção,Colisão Transversal,Com Vítimas Feridas,Pleno dia,Crescente,Ceu Claro,Simples,Cruzamento,Rural,2015,3,0,1,0,2,0,1,3
83418530,2015-12-09,Quarta,06:10:00,RN,304,177.1,ANGICOS,Outras,Colisão frontal,Com Vítimas Fatais,Pleno dia,Crescente,Sol,Simples,Reta,Rural,2015,3,1,1,1,0,0,2,2
83418595,2015-11-04,Quarta,18:00:00,RN,101,109.0,PARNAMIRIM,Outras,Colisão traseira,Sem Vítimas,Plena noite,Crescente,Ceu Claro,Dupla,Reta,Urbano,2015,2,0,0,0,2,0,0,2
83418626,2015-11-21,Sábado,14:30:00,RN,101,30.4,RIO DO FOGO,Desobediência à sinalização,Colisão Transversal,Sem Vítimas,Pleno dia,Decrescente,Ceu Claro,Simples,Cruzamento,Urbano,2015,2,0,0,0,1,1,0,2
83418736,2015-10-25,Domingo,12:20:00,RN,304,24.9,MOSSORO,Velocidade incompatível,Saída de Pista,Com Vítimas Feridas,Pleno dia,Decrescente,Sol,Dupla,Cruzamento,Rural,2015,4,0,4,0,0,0,4,1
83418763,2015-12-10,Quinta,09:15:00,RN,406,133.0,TAIPU,Não guardar distância de segurança,Colisão traseira,Sem Vítimas,Pleno dia,Crescente,Ceu Claro,Simples,Reta,Rural,2015,2,0,0,0,2,0,0,2
83419017,2015-11-01,Domingo,12:20:00,RN,110,6.0,AREIA BRANCA,Outras,Queda de motocicleta / bicicleta / veículo,Com Vítimas Feridas,Pleno dia,Crescente,Ceu Claro,Simples,Reta,Rural,2015,1,0,1,0,0,0,1,1
83419048,2015-12-11,Sexta,09:55:00,RN,101,85.5,SAO GONCALO DO AMARANTE,Não guardar distância de segurança,Colisão traseira,Sem Vítimas,Pleno dia,Decrescente,Ceu Claro,Dupla,Reta,Urbano,2015,4,0,0,0,4,0,0,4
83419058,2015-12-11,Sexta,11:54:00,RN,101,86.0,SAO GONCALO DO AMARANTE,Falta de atenção,Colisão traseira,Sem Vítimas,Pleno dia,Crescente,Ceu Claro,Dupla,Reta,Urbano,2015,3,0,0,0,3,0,0,3
83419128,2015-12-11,Sexta,17:30:00,RN,110,49.4,MOSSORO,Falta de atenção,Colisão lateral,Com Vítimas Feridas,Pleno dia,Crescente,Sol,Dupla,Reta,Urbano,2015,2,0,1,0,1,0,1,2
83419134,2015-12-11,Sexta,16:45:00,RN,304,29.7,MOSSORO,Outras,Colisão Transversal,Com Vítimas Feridas,Pleno dia,Decrescente,Sol,Simples,Reta,Urbano,2015,3,0,1,1,1,0,2,2
83419194,2015-04-03,Sexta,20:30:00,RN,304,35.0,MOSSORO,Ingestão de álcool,Queda de motocicleta / bicicleta / veículo,Com Vítimas Feridas,Plena noite,Decrescente,Ignorada,Simples,Reta,Urbano,2015,1,0,1,0,0,0,1,1
83419259,2015-12-12,Sábado,03:40:00,RN,101,104.6,PARNAMIRIM,Outras,Colisão com objeto fixo,Ignorado,Plena noite,Crescente,Ceu Claro,Múltipla,Reta,Urbano,2015,2,0,0,0,0,2,0,1
83419300,2015-12-08,Terça,18:30:00,RN,101,104.0,PARNAMIRIM,Outras,Colisão traseira,Com Vítimas Feridas,Plena noite,Crescente,Ceu Claro,Dupla,Curva,Urbano,2015,2,0,0,1,1,0,1,2
83419393,2015-12-08,Terça,10:30:00,RN,101,85.0,SAO GONCALO DO AMARANTE,Falta de atenção,Colisão traseira,Com Vítimas Feridas,Pleno dia,Crescente,Ceu Claro,Simples,Reta,Urbano,2015,4,0,1,0,3,0,1,3
83419437,2015-12-08,Terça,08:30:00,RN,101,104.8,PARNAMIRIM,Outras,Colisão lateral,Com Vítimas Fatais,Pleno dia,Crescente,Sol,Dupla,Reta,Urbano,2015,3,1,0,0,2,0,0,3
83419442,2015-12-08,Terça,09:30:00,RN,101,168.0,BAIA FORMOSA,Velocidade incompatível,Saída de Pista,Com Vítimas Feridas,Pleno dia,Decrescente,Nublado,Dupla,Reta,Rural,2015,1,0,1,0,0,0,1,1
83419457,2015-12-08,Terça,19:00:00,RN,304,297.4,MACAIBA,Outras,Atropelamento de pessoa,Com Vítimas Feridas,Plena noite,Decrescente,Ceu Claro,Simples,Reta,Urbano,2015,2,0,1,0,0,1,1,1
83419464,2015-12-12,Sábado,16:30:00,RN,101,107.3,PARNAMIRIM,Outras,Colisão lateral,Com Vítimas Feridas,Pleno dia,Decrescente,Ceu Claro,Dupla,Reta,Urbano,2015,3,0,2,0,0,1,2,2
83419714,2015-12-13,Domingo,15:15:00,RN,304,35.0,MOSSORO,Outras,Queda de motocicleta / bicicleta / veículo,Com Vítimas Feridas,Pleno dia,Crescente,Ceu Claro,Dupla,Cruzamento,Urbano,2015,1,0,1,0,0,0,1,1
83419717,2015-12-13,Domingo,16:20:00,RN,101,108.6,PARNAMIRIM,Falta de atenção,Colisão lateral,Com Vítimas Feridas,Pleno dia,Decrescente,Ceu Claro,Dupla,Curva,Urbano,2015,5,0,2,0,3,0,2,2
83419801,2015-12-13,Domingo,19:50:00,RN,101,77.3,NATAL,Ingestão de álcool,Queda de motocicleta / bicicleta / veículo,Com Vítimas Fatais,Plena noite,Crescente,Ceu Claro,Dupla,Reta,Urbano,2015,1,1,0,0,0,0,0,1
83419828,2015-12-13,Domingo,21:20:00,RN,304,37.9,MOSSORO,Ingestão de álcool,Queda de motocicleta / bicicleta / veículo,Com Vítimas Feridas,Plena noite,Crescente,Ceu Claro,Dupla,Reta,Urbano,2015,1,0,1,0,0,0,1,1
83420075,2015-12-11,Sexta,18:20:00,RN,406,140.0,CEARA-MIRIM,Outras,Colisão Transversal,Com Vítimas Feridas,Plena noite,Crescente,Ceu Claro,Simples,Reta,Rural,2015,2,0,1,1,0,0,2,2
83420343,2015-12-15,Terça,06:20:00,RN,304,115.7,ASSU,Outras,Colisão frontal,Com Vítimas Feridas,Pleno dia,Crescente,Sol,Simples,Reta,Rural,2015,3,0,0,1,2,0,1,3
83420347,2015-12-15,Terça,08:00:00,RN,226,57.5,BOM JESUS,Falta de atenção,Colisão com bicicleta,Com Vítimas Fatais,Pleno dia,Decrescente,Ceu Claro,Simples,Reta,Rural,2015,2,1,0,0,1,0,0,2
83420365,2015-12-12,Sábado,07:30:00,RN,101,83.0,SAO GONCALO DO AMARANTE,Não guardar distância de segurança,Colisão lateral,Com Vítimas Feridas,Pleno dia,Crescente,Sol,Dupla,Reta,Urbano,2015,2,0,1,0,1,0,1,2
83420406,2015-12-16,Quarta,03:30:00,RN,304,66.3,MOSSORO,Outras,Colisão lateral,Sem Vítimas,Plena noite,Crescente,Ceu Claro,Simples,Reta,Rural,2015,2,0,0,0,2,0,0,2
83420486,2015-12-08,Terça,11:30:00,RN,101,86.0,NATAL,Falta de atenção,Colisão com objeto fixo,Com Vítimas Feridas,Pleno dia,Decrescente,Ceu Claro,Simples,Reta,Urbano,2015,2,0,1,0,1,0,1,2
83420563,2015-12-16,Quarta,15:30:00,RN,110,48.9,MOSSORO,Outras,Colisão com objeto fixo,Com Vítimas Feridas,Pleno dia,Decrescente,Ceu Claro,Dupla,Reta,Urbano,2015,2,0,1,0,1,0,1,2